model,redshift,sub_id,logMstar,resid,bbarolo_rc
SIDM1,2.0,15923,10.783,inf,-6
CDM,2.0,27655,10.508,inf,0
CDM,2.0,16340,10.801,inf,-6
vSIDM,2.0,10358,10.817,inf,0
vSIDM,2.0,14762,10.809,inf,-6
CDM,3.0,5684,10.876,inf,-6
vSIDM,3.0,5367,10.863,inf,0
CDM,0.5,75244,10.615,inf,-6
CDM,0.5,90330,9.730,inf,0
CDM,0.5,57280,10.720,inf,-6
CDM,0.5,51897,10.668,inf,0
CDM,0.5,91726,9.849,inf,0
CDM,0.5,68153,10.776,inf,-6
CDM,0.5,70419,10.542,inf,0
CDM,0.5,59548,10.991,inf,-6
CDM,0.5,53719,10.766,inf,-6
CDM,0.5,57157,10.973,inf,0
CDM,0.5,61057,10.953,inf,-6
CDM,0.5,69646,10.517,inf,-6
CDM,0.5,53205,11.004,inf,-6
CDM,0.5,34805,11.075,inf,0
CDM,0.5,60111,10.824,inf,-6
CDM,0.5,89197,9.717,inf,0
CDM,0.5,68405,10.735,inf,-6
CDM,0.5,58349,10.681,inf,-11
SIDM1,0.5,84350,9.872,inf,0
SIDM1,0.5,61136,10.807,inf,0
SIDM1,0.5,85608,9.884,inf,0
SIDM1,0.5,52175,10.890,inf,0
SIDM1,0.5,46105,11.135,inf,0
SIDM1,0.5,83623,9.787,inf,0
SIDM1,0.5,80063,10.411,inf,-6
SIDM1,0.5,83445,9.839,inf,0
SIDM1,0.5,42562,11.342,inf,0
SIDM1,0.5,90461,9.864,inf,0
SIDM1,0.5,90697,9.743,inf,0
SIDM1,0.5,57014,10.921,inf,-6
SIDM1,0.5,65503,10.784,inf,-6
SIDM1,0.5,69262,10.587,inf,0
SIDM1,0.5,59977,10.847,inf,-6
SIDM1,0.5,69893,10.363,inf,-6
vSIDM,0.5,78668,9.974,inf,0
vSIDM,0.5,55545,10.664,inf,-6
vSIDM,0.5,55253,11.065,inf,0
vSIDM,0.5,88058,9.963,inf,0
vSIDM,0.5,59613,10.944,inf,0
vSIDM,0.5,85388,9.893,inf,0
vSIDM,0.5,77097,10.451,inf,-6
vSIDM,0.5,37579,11.099,inf,0
vSIDM,0.5,33568,11.560,inf,0
vSIDM,0.5,56995,10.840,inf,-6
vSIDM,0.5,50955,10.943,inf,-6
vSIDM,0.5,79400,9.897,inf,0
vSIDM,0.5,77125,10.105,inf,0
vSIDM,0.5,53007,10.871,inf,-6
vSIDM,0.5,62357,10.848,inf,-6
vSIDM,0.5,50002,10.605,inf,0
vSIDM,0.5,71653,10.594,inf,-6
vSIDM,0.5,64972,10.629,inf,-6
vSIDM,0.5,58972,10.819,inf,-6
vSIDM,0.5,39157,11.146,inf,0
vSIDM,0.5,63971,10.722,inf,0
vSIDM,0.5,63425,10.872,inf,0
CDM,1.0,71506,10.298,inf,-6
CDM,1.0,76775,9.735,inf,0
CDM,1.0,24645,11.061,inf,-6
CDM,1.0,30972,10.951,inf,0
CDM,1.0,39596,10.891,inf,-6
CDM,1.0,54042,10.312,inf,0
vSIDM,1.0,43003,10.767,inf,-6
vSIDM,1.0,63022,10.245,inf,-6
SIDM1,1.0,50701,10.684,inf,-6
SIDM1,1.0,34962,10.614,inf,-6
vSIDM,3.0,5441,10.608,26.3426,0
CDM,0.5,62826,10.745,19.0041,0
SIDM1,1.0,46608,10.644,18.6791,0
vSIDM,2.0,17801,10.714,16.1029,0
CDM,3.0,10994,10.354,15.9293,0
vSIDM,3.0,3565,10.280,15.6787,0
SIDM1,3.0,8929,10.043,15.3457,0
SIDM1,2.0,17210,10.494,14.5799,0
vSIDM,4.0,1418,10.214,14.3948,0
vSIDM,1.0,59374,9.990,14.2489,0
SIDM1,4.0,4981,10.059,14.0719,0
SIDM1,3.0,7560,10.722,13.9764,0
CDM,4.0,4640,10.054,13.8507,0
CDM,4.0,668,10.866,13.7547,0
SIDM1,3.0,10204,10.533,13.6810,0
CDM,2.0,20938,10.398,13.2183,0
SIDM1,3.0,12707,10.138,13.1580,0
vSIDM,3.0,11150,10.199,13.0503,0
CDM,3.0,2667,10.805,13.0420,0
vSIDM,2.0,22058,10.283,12.7886,0
SIDM1,2.0,5667,10.993,12.7876,0
CDM,3.0,9193,10.448,12.6945,0
CDM,0.5,40364,11.385,12.6219,0
vSIDM,4.0,3572,10.137,12.5166,0
CDM,3.0,4890,10.891,12.4885,0
SIDM1,4.0,5864,9.894,12.2781,0
SIDM1,3.0,2279,11.019,12.2717,0
CDM,3.0,7399,10.684,12.1528,0
vSIDM,3.0,11222,10.107,12.1323,0
CDM,3.0,6486,9.957,12.1287,0
SIDM1,3.0,10547,10.366,12.0696,0
SIDM1,3.0,4479,10.699,12.0447,0
SIDM1,2.0,29152,10.058,11.8803,0
CDM,0.5,43082,11.057,11.8183,0
SIDM1,3.0,9617,9.960,11.7241,0
SIDM1,4.0,3830,10.130,11.7190,0
vSIDM,1.0,44285,10.567,11.6818,0
vSIDM,5.0,693,10.393,11.3016,0
CDM,1.0,38570,10.158,11.2486,0
CDM,2.0,12746,10.881,11.1131,0
SIDM1,5.0,1017,10.270,11.1021,0
CDM,3.0,5528,10.840,11.0914,0
CDM,2.0,25429,10.331,11.0711,0
SIDM1,4.0,624,10.899,11.0446,0
vSIDM,3.0,6873,10.700,11.0227,0
vSIDM,3.0,4357,10.859,10.8222,0
CDM,2.0,15998,10.549,10.8194,0
vSIDM,4.0,3894,10.190,10.7479,0
SIDM1,2.0,18173,10.437,10.6133,0
CDM,3.0,14659,9.936,10.5677,0
SIDM1,2.0,30135,9.973,10.5301,0
SIDM1,3.0,599,11.365,10.5100,0
CDM,3.0,13519,10.240,10.4962,0
SIDM1,3.0,3459,10.297,10.4584,0
CDM,3.0,17384,9.856,10.4279,0
SIDM1,2.0,26351,10.285,10.3873,0
vSIDM,3.0,2321,10.999,10.3605,0
vSIDM,3.0,3040,10.595,10.3199,0
CDM,3.0,8198,10.311,10.3048,0
CDM,4.0,2277,10.717,10.3028,0
SIDM1,1.0,45401,10.701,10.2895,0
CDM,3.0,10772,10.087,10.2777,0
SIDM1,3.0,13059,9.960,10.2190,0
SIDM1,2.0,33573,9.795,10.1857,0
vSIDM,1.0,30788,10.924,10.1740,0
vSIDM,3.0,7180,10.281,10.1727,0
vSIDM,2.0,23412,10.373,10.1709,0
SIDM1,2.0,13062,10.755,10.1611,0
CDM,2.0,17663,10.470,10.1049,0
SIDM1,3.0,11356,9.825,10.0537,0
vSIDM,2.0,27693,9.921,10.0260,0
CDM,2.0,27212,10.191,10.0105,0
SIDM1,4.0,3319,10.266,10.0065,0
CDM,1.0,62013,10.063,10.0041,0
SIDM1,3.0,13955,10.061,9.9354,0
CDM,5.0,1202,10.274,9.9204,0
vSIDM,3.0,9765,10.335,9.8937,0
vSIDM,3.0,14086,9.930,9.8067,0
vSIDM,1.0,42775,10.735,9.7532,0
SIDM1,4.0,1464,10.405,9.7388,0
vSIDM,5.0,959,10.250,9.6704,0
SIDM1,3.0,10023,10.478,9.6417,0
SIDM1,0.5,59836,10.578,9.6168,0
CDM,1.0,42223,10.621,9.5928,0
SIDM1,2.0,8851,11.077,9.5924,0
SIDM1,2.0,13344,10.535,9.5515,0
vSIDM,3.0,9820,10.164,9.4883,0
SIDM1,2.0,26145,10.278,9.4663,0
vSIDM,4.0,3226,10.083,9.4279,0
CDM,3.0,6005,10.623,9.4224,0
SIDM1,2.0,26656,10.462,9.3745,0
vSIDM,2.0,25586,10.132,9.3103,0
CDM,4.0,5208,10.016,9.3044,0
SIDM1,4.0,5512,9.841,9.3030,0
SIDM1,4.0,2153,10.508,9.2754,0
SIDM1,3.0,9247,10.560,9.2202,0
vSIDM,3.0,14625,9.924,9.2065,0
vSIDM,1.0,41093,10.597,9.1959,0
vSIDM,3.0,6959,10.392,9.1551,0
CDM,3.0,16335,9.900,9.0872,0
CDM,4.0,5769,9.851,9.0860,0
vSIDM,2.0,10907,10.359,9.0816,0
CDM,4.0,1056,10.938,9.0667,0
CDM,3.0,13012,10.066,9.0590,0
SIDM1,3.0,13758,10.187,9.0448,0
CDM,2.0,18893,10.811,9.0427,0
CDM,3.0,5086,10.606,9.0301,0
vSIDM,4.0,6575,10.005,8.9977,0
vSIDM,1.0,35261,10.813,8.9936,0
SIDM1,2.0,31418,10.125,8.9782,0
CDM,3.0,17563,9.901,8.9710,0
CDM,2.0,12087,10.352,8.9572,0
CDM,4.0,3906,10.063,8.9564,0
CDM,2.0,18026,10.746,8.9512,0
vSIDM,0.5,78009,9.891,8.9169,0
CDM,2.0,32381,9.889,8.9118,0
CDM,3.0,14346,10.256,8.8776,0
CDM,2.0,30113,10.231,8.8084,0
CDM,4.0,4430,10.206,8.8079,0
CDM,3.0,9287,9.957,8.7922,0
SIDM1,5.0,602,10.438,8.7854,0
vSIDM,2.0,22133,10.174,8.7734,0
SIDM1,2.0,34211,9.972,8.7527,0
SIDM1,2.0,12816,10.464,8.7455,0
vSIDM,3.0,7251,10.593,8.7384,0
CDM,3.0,14000,9.845,8.7053,0
SIDM1,4.0,4263,10.237,8.6877,0
CDM,3.0,15915,9.800,8.6533,0
SIDM1,3.0,10473,10.322,8.6450,0
SIDM1,2.0,10826,10.421,8.6362,0
SIDM1,3.0,10614,10.062,8.6205,0
vSIDM,3.0,11357,10.281,8.6101,0
vSIDM,3.0,5567,9.891,8.6006,0
vSIDM,3.0,9115,10.376,8.5890,0
CDM,2.0,15827,10.528,8.5853,0
SIDM1,3.0,6781,10.590,8.5469,0
CDM,2.0,34981,10.150,8.5404,0
vSIDM,1.0,38725,10.811,8.5336,0
SIDM1,2.0,29620,10.275,8.5239,0
SIDM1,3.0,12218,10.108,8.5090,0
vSIDM,1.0,30561,10.961,8.4974,0
CDM,3.0,6366,10.464,8.4849,0
SIDM1,3.0,14434,10.015,8.4295,0
vSIDM,2.0,14595,10.490,8.4264,0
SIDM1,2.0,39877,9.810,8.4215,0
vSIDM,3.0,4547,10.843,8.4202,0
vSIDM,3.0,10082,9.904,8.3871,0
vSIDM,3.0,12014,10.026,8.3800,0
CDM,2.0,19141,10.752,8.3434,0
SIDM1,2.0,34495,10.187,8.3405,0
vSIDM,4.0,5145,9.891,8.3394,0
SIDM1,2.0,4302,10.991,8.3386,0
SIDM1,3.0,5262,10.905,8.3160,0
SIDM1,3.0,15523,9.957,8.3135,0
CDM,3.0,18231,9.801,8.3006,0
vSIDM,4.0,5182,10.151,8.2762,0
vSIDM,3.0,11420,10.293,8.2761,0
CDM,2.0,26324,10.223,8.2706,0
SIDM1,1.0,33193,10.826,8.2649,0
SIDM1,4.0,4894,9.844,8.2210,0
vSIDM,3.0,6247,10.287,8.2015,0
vSIDM,2.0,12061,10.684,8.1700,0
SIDM1,2.0,19289,9.996,8.1659,0
SIDM1,3.0,13420,9.883,8.1390,0
CDM,2.0,21168,10.141,8.1379,0
CDM,3.0,8095,10.567,8.1349,0
CDM,3.0,2880,10.648,8.0921,0
SIDM1,1.0,22836,11.080,8.0851,0
vSIDM,4.0,4393,10.006,8.0719,0
vSIDM,3.0,11538,9.969,8.0605,0
vSIDM,2.0,17427,10.767,8.0466,0
SIDM1,3.0,8728,10.474,8.0455,0
vSIDM,4.0,3936,10.189,8.0295,0
CDM,2.0,31553,10.072,8.0152,0
SIDM1,3.0,5527,10.254,7.9893,0
SIDM1,3.0,14017,10.155,7.9655,0
CDM,2.0,28900,10.249,7.9649,0
vSIDM,3.0,13402,9.965,7.9553,0
SIDM1,3.0,10931,10.168,7.9250,0
vSIDM,2.0,27556,10.247,7.9112,0
vSIDM,1.0,37720,10.809,7.9032,0
SIDM1,2.0,38354,10.035,7.8890,0
SIDM1,3.0,7736,10.365,7.8823,0
vSIDM,3.0,3377,10.878,7.8739,0
SIDM1,3.0,15877,9.838,7.8734,0
vSIDM,3.0,8253,9.992,7.8718,0
CDM,3.0,11667,10.114,7.8611,0
CDM,2.0,17388,10.725,7.8598,0
SIDM1,5.0,2620,9.850,7.8509,0
CDM,3.0,3679,10.257,7.8314,0
CDM,1.0,40193,10.966,7.8243,0
CDM,3.0,10941,10.504,7.8086,0
CDM,3.0,9760,10.434,7.7970,0
vSIDM,3.0,9009,9.904,7.7932,0
SIDM1,3.0,15748,9.965,7.7889,0
CDM,2.0,31004,9.888,7.7748,0
CDM,0.5,52114,10.847,7.7708,0
SIDM1,1.0,16067,11.425,7.7569,0
CDM,4.0,3758,10.200,7.7528,0
SIDM1,2.0,43602,9.813,7.7522,0
SIDM1,2.0,15585,10.543,7.7511,0
vSIDM,3.0,12987,10.038,7.7292,0
vSIDM,5.0,2380,9.811,7.7083,0
CDM,3.0,11588,10.091,7.7062,0
CDM,1.0,56625,10.343,7.6834,0
CDM,1.0,35837,10.882,7.6519,0
SIDM1,2.0,22152,10.528,7.6503,0
vSIDM,0.5,66045,10.549,7.6485,0
CDM,3.0,10629,10.329,7.6381,0
SIDM1,3.0,12297,10.172,7.6321,0
CDM,2.0,17516,10.596,7.6198,0
vSIDM,2.0,8123,10.476,7.6146,0
vSIDM,3.0,11289,10.214,7.5794,0
vSIDM,3.0,9582,10.474,7.5706,0
SIDM1,4.0,4666,10.056,7.5694,0
vSIDM,2.0,11660,10.644,7.5633,0
CDM,2.0,22602,10.490,7.5617,0
vSIDM,2.0,16403,10.458,7.5545,0
CDM,2.0,25487,10.359,7.5498,0
SIDM1,4.0,5403,10.079,7.5498,0
SIDM1,3.0,17856,9.865,7.5339,0
CDM,2.0,31895,10.122,7.5301,0
CDM,2.0,28494,10.059,7.5292,0
vSIDM,3.0,2516,10.784,7.5207,0
SIDM1,2.0,14400,10.897,7.5176,0
SIDM1,3.0,13909,9.911,7.5114,0
CDM,4.0,2896,10.479,7.5093,0
vSIDM,1.0,14393,10.938,7.5052,0
SIDM1,3.0,7817,10.616,7.4910,0
CDM,2.0,0,11.453,7.4896,0
SIDM1,2.0,29257,10.239,7.4722,0
CDM,3.0,10305,9.860,7.4616,0
SIDM1,4.0,4315,10.239,7.4524,0
SIDM1,2.0,36898,9.997,7.4489,0
vSIDM,4.0,2982,10.238,7.4413,0
vSIDM,3.0,10011,10.269,7.4405,0
vSIDM,2.0,20662,10.314,7.4276,0
SIDM1,3.0,5726,10.632,7.4195,0
CDM,4.0,4529,10.196,7.3919,0
SIDM1,1.0,37224,10.771,7.3902,0
vSIDM,2.0,29772,9.928,7.3798,0
CDM,4.0,1724,10.578,7.3621,0
CDM,2.0,30289,10.254,7.3573,0
SIDM1,2.0,27057,10.354,7.3524,0
vSIDM,1.0,46426,10.106,7.3441,0
SIDM1,0.5,74992,10.451,7.3347,0
SIDM1,2.0,35239,10.175,7.3328,0
SIDM1,3.0,11023,10.540,7.3215,0
SIDM1,3.0,21110,10.002,7.3122,0
vSIDM,2.0,28960,10.280,7.3015,0
vSIDM,3.0,12943,10.224,7.2904,0
vSIDM,1.0,27914,11.050,7.2901,0
SIDM1,3.0,8059,10.240,7.2766,0
vSIDM,4.0,1727,10.455,7.2654,0
SIDM1,4.0,5554,9.910,7.2641,0
CDM,1.0,29379,11.084,7.2540,0
vSIDM,2.0,11841,10.864,7.2360,0
vSIDM,3.0,10243,9.944,7.2257,0
vSIDM,3.0,8068,10.402,7.2193,0
SIDM1,2.0,23589,10.339,7.2112,0
CDM,3.0,4194,10.578,7.1920,0
CDM,2.0,29924,9.918,7.1872,0
SIDM1,4.0,991,10.957,7.1786,0
SIDM1,3.0,3955,10.605,7.1721,0
vSIDM,2.0,8788,10.815,7.1664,0
vSIDM,2.0,23345,10.468,7.1610,0
CDM,1.0,44603,10.677,7.1261,0
vSIDM,3.0,18885,9.842,7.1227,0
SIDM1,3.0,21373,9.793,7.1220,0
SIDM1,2.0,43467,9.761,7.0958,0
SIDM1,2.0,27556,10.080,7.0941,0
vSIDM,2.0,19593,10.212,7.0829,0
vSIDM,4.0,2014,10.527,7.0787,0
vSIDM,3.0,14533,9.946,7.0759,0
SIDM1,3.0,16076,9.861,7.0642,0
CDM,2.0,8967,10.476,7.0341,0
CDM,1.0,46568,10.546,7.0322,0
vSIDM,3.0,9423,9.979,7.0306,0
CDM,1.0,51604,10.140,7.0277,0
SIDM1,2.0,28016,10.261,7.0244,0
SIDM1,4.0,5905,10.188,7.0218,0
vSIDM,2.0,20511,10.124,7.0195,0
SIDM1,2.0,20078,10.460,7.0119,0
SIDM1,3.0,11090,10.316,6.9916,0
CDM,3.0,11428,10.293,6.9612,0
SIDM1,3.0,16900,9.794,6.9498,0
SIDM1,3.0,6656,10.310,6.9462,0
vSIDM,4.0,3841,10.327,6.9429,0
vSIDM,2.0,25393,10.453,6.9336,0
vSIDM,3.0,14574,9.974,6.9321,0
CDM,2.0,40303,9.886,6.9289,0
SIDM1,2.0,22304,10.458,6.9134,0
CDM,1.0,50037,10.662,6.9123,0
CDM,2.0,25581,10.312,6.9057,0
vSIDM,1.0,41311,10.669,6.8978,0
CDM,2.0,13156,10.703,6.8935,0
SIDM1,2.0,38614,9.850,6.8895,0
vSIDM,3.0,15485,9.830,6.8893,0
vSIDM,4.0,4127,10.000,6.8885,0
CDM,3.0,15243,9.950,6.8773,0
CDM,3.0,14189,10.002,6.8751,0
SIDM1,1.0,46331,10.299,6.8660,0
SIDM1,2.0,16530,10.702,6.8625,0
CDM,3.0,16090,9.809,6.8611,0
vSIDM,1.0,25389,10.963,6.8594,0
SIDM1,4.0,3753,10.111,6.8584,0
CDM,2.0,30582,10.040,6.8549,0
vSIDM,3.0,10174,10.077,6.8536,0
SIDM1,3.0,13242,9.952,6.8529,0
vSIDM,2.0,17568,10.614,6.8508,0
SIDM1,1.0,46146,10.228,6.8396,0
SIDM1,3.0,13511,10.119,6.8379,0
vSIDM,3.0,12322,9.792,6.8362,0
vSIDM,3.0,10289,10.092,6.8312,0
CDM,3.0,14868,9.998,6.8277,0
CDM,3.0,14294,9.937,6.8236,0
vSIDM,2.0,15311,10.533,6.8228,0
SIDM1,4.0,5223,10.016,6.8219,0
CDM,3.0,7616,10.708,6.8169,0
CDM,0.5,74382,10.215,6.8140,0
vSIDM,3.0,10357,10.129,6.8135,0
SIDM1,1.0,25893,11.023,6.8077,0
CDM,1.0,27282,10.980,6.8053,0
vSIDM,2.0,21703,10.359,6.7948,0
SIDM1,3.0,15914,9.887,6.7920,0
SIDM1,3.0,4842,10.661,6.7918,0
SIDM1,2.0,21141,10.210,6.7887,0
CDM,2.0,20724,10.488,6.7858,0
SIDM1,3.0,10800,10.535,6.7850,0
vSIDM,3.0,14370,9.861,6.7829,0
CDM,2.0,11347,10.916,6.7804,0
SIDM1,2.0,22033,10.319,6.7751,0
SIDM1,2.0,17085,10.479,6.7634,0
vSIDM,2.0,21062,10.515,6.7535,0
CDM,2.0,26243,10.307,6.7476,0
CDM,3.0,10240,10.411,6.7456,0
CDM,2.0,39548,9.765,6.7392,0
vSIDM,2.0,25353,10.232,6.7277,0
vSIDM,3.0,14179,9.842,6.7206,0
vSIDM,4.0,4357,10.057,6.7115,0
vSIDM,2.0,23674,10.350,6.7088,0
vSIDM,3.0,0,11.266,6.7077,0
vSIDM,3.0,16860,9.978,6.7057,0
vSIDM,2.0,14003,10.500,6.7037,0
vSIDM,3.0,12251,10.068,6.7008,0
SIDM1,3.0,17012,9.892,6.6954,0
SIDM1,3.0,5945,9.944,6.6946,0
vSIDM,3.0,15637,9.770,6.6942,0
SIDM1,2.0,18382,10.764,6.6938,0
CDM,2.0,33869,9.993,6.6894,0
CDM,3.0,13579,10.085,6.6871,0
SIDM1,0.5,73694,10.251,6.6815,0
SIDM1,2.0,30594,10.096,6.6750,0
CDM,1.0,52564,9.986,6.6731,0
CDM,3.0,18024,9.810,6.6707,0
vSIDM,3.0,14444,9.811,6.6691,0
vSIDM,3.0,561,11.371,6.6674,0
CDM,2.0,34602,9.844,6.6545,0
CDM,3.0,13207,10.274,6.6476,0
vSIDM,3.0,13898,9.976,6.6355,0
SIDM1,2.0,39796,9.773,6.6244,0
CDM,3.0,11809,9.951,6.6242,0
SIDM1,2.0,12194,10.869,6.6058,0
SIDM1,3.0,18413,9.886,6.5977,0
CDM,2.0,13664,10.858,6.5907,0
vSIDM,1.0,48396,10.283,6.5840,0
CDM,4.0,5386,10.067,6.5797,0
vSIDM,2.0,33078,9.929,6.5779,0
CDM,4.0,2028,10.619,6.5771,0
SIDM1,4.0,4942,10.091,6.5748,0
CDM,4.0,4381,10.233,6.5684,0
SIDM1,2.0,18076,10.630,6.5648,0
CDM,2.0,13326,10.400,6.5574,0
vSIDM,2.0,12684,10.955,6.5574,0
vSIDM,2.0,27876,10.216,6.5568,0
SIDM1,4.0,6986,9.913,6.5567,0
vSIDM,3.0,12557,9.963,6.5509,0
SIDM1,4.0,4358,10.251,6.5480,0
CDM,2.0,32974,9.978,6.5393,0
CDM,2.0,21340,9.975,6.5329,0
SIDM1,2.0,29024,10.046,6.5325,0
CDM,3.0,12023,9.938,6.5299,0
SIDM1,3.0,16421,9.831,6.5187,0
CDM,3.0,12865,10.214,6.5146,0
CDM,3.0,9498,10.519,6.5127,0
SIDM1,1.0,58787,10.045,6.5125,0
SIDM1,2.0,22802,10.462,6.5083,0
SIDM1,2.0,33241,10.176,6.5040,0
CDM,2.0,13889,10.690,6.4962,0
SIDM1,2.0,19736,10.554,6.4891,0
vSIDM,3.0,9353,10.299,6.4882,0
CDM,1.0,53290,10.387,6.4848,0
SIDM1,1.0,40159,10.683,6.4828,0
SIDM1,1.0,51770,10.356,6.4551,0
SIDM1,2.0,13663,10.971,6.4429,0
vSIDM,3.0,9688,10.019,6.4322,0
vSIDM,0.5,55126,10.993,6.4298,0
vSIDM,2.0,19778,10.405,6.4130,0
vSIDM,3.0,14402,9.795,6.3861,0
vSIDM,3.0,12065,10.143,6.3807,0
SIDM1,3.0,15352,9.934,6.3723,0
SIDM1,3.0,6255,10.437,6.3699,0
CDM,3.0,17490,9.811,6.3598,0
SIDM1,5.0,1176,10.600,6.3536,0
CDM,3.0,20294,9.847,6.3488,0
CDM,4.0,5968,10.187,6.3462,0
SIDM1,3.0,12933,10.282,6.3296,0
SIDM1,3.0,16931,9.960,6.3214,0
vSIDM,2.0,20915,10.497,6.3211,0
SIDM1,2.0,24599,10.243,6.3176,0
CDM,2.0,19539,10.567,6.3143,0
vSIDM,2.0,8476,11.034,6.3103,0
vSIDM,1.0,46350,10.632,6.3055,0
SIDM1,2.0,42946,9.752,6.2960,0
vSIDM,2.0,24043,9.957,6.2913,0
SIDM1,3.0,14337,10.040,6.2722,0
vSIDM,2.0,28819,10.082,6.2646,0
SIDM1,2.0,34769,9.908,6.2563,0
CDM,2.0,21527,10.707,6.2535,0
SIDM1,2.0,21547,10.459,6.2521,0
CDM,2.0,5789,11.233,6.2441,0
CDM,3.0,7706,10.446,6.2393,0
SIDM1,2.0,13532,10.659,6.2382,0
CDM,2.0,23028,10.450,6.2364,0
vSIDM,2.0,16023,10.463,6.2338,0
CDM,2.0,14097,10.982,6.2329,0
SIDM1,3.0,11500,9.848,6.2301,0
vSIDM,3.0,8774,10.016,6.2200,0
SIDM1,1.0,53650,10.351,6.2145,0
vSIDM,4.0,7150,9.776,6.2134,0
vSIDM,2.0,30712,9.846,6.2129,0
CDM,2.0,24279,10.298,6.2067,0
CDM,2.0,24072,10.278,6.2060,0
SIDM1,3.0,12637,9.984,6.2038,0
SIDM1,3.0,13827,10.278,6.1973,0
CDM,1.0,59214,10.398,6.1961,0
SIDM1,3.0,18547,9.792,6.1823,0
SIDM1,3.0,11240,10.146,6.1805,0
CDM,3.0,6223,10.480,6.1755,0
SIDM1,1.0,56719,10.330,6.1672,0
vSIDM,2.0,28089,10.053,6.1651,0
CDM,3.0,18183,9.938,6.1594,0
CDM,3.0,18490,9.830,6.1540,0
vSIDM,2.0,19993,10.696,6.1538,0
CDM,2.0,17113,10.419,6.1535,0
vSIDM,4.0,4688,10.091,6.1494,0
SIDM1,2.0,35200,9.993,6.1493,0
vSIDM,1.0,44542,10.380,6.1403,0
vSIDM,2.0,34764,9.905,6.1363,0
SIDM1,4.0,2008,10.596,6.1240,0
SIDM1,2.0,39096,9.936,6.1214,0
CDM,3.0,11195,9.999,6.1151,0
SIDM1,1.0,52580,10.590,6.1133,0
CDM,2.0,27070,10.327,6.1119,0
SIDM1,2.0,25731,10.368,6.1077,0
CDM,2.0,9370,11.069,6.1043,0
vSIDM,2.0,26347,10.292,6.0993,0
SIDM1,3.0,11166,10.136,6.0985,0
SIDM1,1.0,50808,10.181,6.0976,0
SIDM1,3.0,18381,9.897,6.0947,0
SIDM1,3.0,5015,10.264,6.0867,0
SIDM1,3.0,9914,10.010,6.0805,0
SIDM1,3.0,13360,10.087,6.0801,0
CDM,2.0,15697,10.921,6.0764,0
CDM,1.0,56408,10.317,6.0735,0
SIDM1,3.0,12520,9.995,6.0714,0
SIDM1,2.0,18267,10.739,6.0683,0
SIDM1,3.0,19958,9.761,6.0559,0
vSIDM,2.0,21129,10.412,6.0533,0
SIDM1,3.0,2682,10.642,6.0480,0
vSIDM,1.0,38129,10.903,6.0480,0
vSIDM,0.5,71303,10.027,6.0465,0
CDM,3.0,13943,9.896,6.0441,0
vSIDM,2.0,25888,10.061,6.0396,0
CDM,2.0,28827,10.230,6.0356,0
SIDM1,4.0,5617,10.002,6.0302,0
CDM,1.0,43943,10.844,6.0280,0
CDM,1.0,57218,10.212,6.0262,0
vSIDM,4.0,4744,10.126,6.0250,0
SIDM1,0.5,42099,11.109,6.0198,0
vSIDM,2.0,15579,10.411,6.0184,0
vSIDM,3.0,4702,10.219,6.0180,0
CDM,1.0,42637,10.906,6.0160,0
CDM,3.0,21352,9.856,6.0156,0
CDM,2.0,21914,10.129,6.0113,0
SIDM1,2.0,37908,9.936,6.0102,0
vSIDM,2.0,18695,10.487,5.9911,0
vSIDM,2.0,40818,9.918,5.9842,0
CDM,3.0,12783,9.923,5.9824,0
CDM,3.0,21368,9.931,5.9792,0
SIDM1,1.0,56275,10.259,5.9774,0
SIDM1,3.0,15960,10.027,5.9758,0
SIDM1,3.0,12154,10.342,5.9737,0
SIDM1,3.0,9022,9.793,5.9673,0
CDM,2.0,30457,9.921,5.9640,0
CDM,2.0,19743,10.781,5.9622,0
vSIDM,2.0,17242,10.274,5.9613,0
CDM,1.0,42885,10.087,5.9608,0
SIDM1,3.0,16967,9.993,5.9580,0
SIDM1,3.0,11450,9.996,5.9492,0
SIDM1,3.0,17421,9.851,5.9374,0
SIDM1,2.0,20732,10.201,5.9284,0
SIDM1,2.0,32357,10.032,5.9109,0
SIDM1,2.0,24565,10.393,5.9057,0
vSIDM,2.0,21880,10.455,5.9026,0
SIDM1,3.0,9693,10.460,5.9022,0
SIDM1,3.0,7404,10.446,5.8983,0
vSIDM,2.0,12841,10.675,5.8971,0
CDM,2.0,28188,10.008,5.8952,0
SIDM1,3.0,18586,9.987,5.8886,0
CDM,2.0,32602,10.057,5.8851,0
vSIDM,1.0,46169,10.809,5.8829,0
vSIDM,2.0,25156,10.189,5.8762,0
SIDM1,1.0,60966,9.731,5.8762,0
SIDM1,3.0,12448,10.236,5.8726,0
vSIDM,1.0,40979,10.693,5.8672,0
CDM,3.0,18979,9.790,5.8645,0
SIDM1,1.0,27888,11.303,5.8618,0
vSIDM,3.0,6060,10.402,5.8604,0
SIDM1,4.0,1913,10.633,5.8593,0
SIDM1,3.0,18699,9.830,5.8539,0
vSIDM,2.0,17058,10.695,5.8484,0
CDM,2.0,25961,10.012,5.8421,0
vSIDM,3.0,19012,9.920,5.8381,0
CDM,3.0,7130,10.237,5.8378,0
SIDM1,3.0,15612,9.872,5.8331,0
vSIDM,1.0,36202,10.799,5.8318,0
CDM,3.0,5810,10.181,5.8250,0
CDM,0.5,57592,10.793,5.8137,0
SIDM1,3.0,4652,10.903,5.8129,0
SIDM1,2.0,36996,10.159,5.8089,0
SIDM1,3.0,6564,10.764,5.8084,0
vSIDM,3.0,6366,10.582,5.8016,0
vSIDM,4.0,5941,9.860,5.7964,0
CDM,2.0,37316,9.897,5.7873,0
vSIDM,3.0,6494,9.948,5.7872,0
vSIDM,2.0,24177,10.262,5.7796,0
SIDM1,1.0,45275,10.816,5.7745,0
CDM,2.0,23722,10.428,5.7703,0
vSIDM,2.0,25263,10.104,5.7659,0
CDM,2.0,9704,10.834,5.7596,0
vSIDM,0.5,57899,10.586,5.7582,0
SIDM1,2.0,24324,10.403,5.7561,0
CDM,2.0,13529,10.685,5.7542,0
SIDM1,4.0,2393,10.392,5.7532,0
vSIDM,1.0,41919,10.455,5.7525,0
SIDM1,1.0,55680,10.121,5.7490,0
CDM,2.0,25694,10.239,5.7370,0
vSIDM,2.0,34015,9.837,5.7336,0
CDM,2.0,23272,10.415,5.7334,0
CDM,3.0,20790,9.773,5.7328,0
CDM,3.0,10146,10.032,5.7282,0
SIDM1,3.0,18624,10.025,5.7150,0
SIDM1,2.0,10543,11.160,5.7119,0
CDM,3.0,10707,10.426,5.7113,0
CDM,2.0,18452,10.293,5.7028,0
vSIDM,1.0,28769,10.966,5.6992,0
CDM,1.0,28498,10.978,5.6979,0
CDM,3.0,8673,10.217,5.6924,0
SIDM1,3.0,6458,10.506,5.6891,0
CDM,3.0,6984,10.607,5.6867,0
SIDM1,3.0,13707,10.005,5.6845,0
SIDM1,2.0,29769,9.988,5.6803,0
SIDM1,2.0,38911,9.974,5.6751,0
CDM,3.0,15838,9.834,5.6739,0
CDM,3.0,17079,9.943,5.6716,0
CDM,2.0,25522,10.392,5.6658,0
CDM,2.0,31172,10.356,5.6653,0
vSIDM,3.0,13321,10.106,5.6612,0
SIDM1,2.0,12613,10.684,5.6546,0
SIDM1,2.0,16248,10.590,5.6535,0
SIDM1,1.0,48421,10.558,5.6512,0
vSIDM,2.0,19049,10.472,5.6491,0
SIDM1,3.0,19513,9.882,5.6478,0
vSIDM,4.0,2211,10.371,5.6384,0
vSIDM,2.0,28501,9.946,5.6368,0
SIDM1,3.0,14303,10.052,5.6342,0
SIDM1,1.0,50017,10.538,5.6271,0
CDM,1.0,58898,10.315,5.6234,0
vSIDM,2.0,29371,10.112,5.6223,0
SIDM1,0.5,64292,10.203,5.6180,0
CDM,3.0,14904,10.058,5.6139,0
vSIDM,2.0,27766,10.375,5.6137,0
CDM,2.0,28111,10.084,5.6126,0
vSIDM,4.0,1861,10.595,5.6074,0
vSIDM,1.0,50450,10.411,5.5980,0
SIDM1,2.0,23273,10.474,5.5968,0
SIDM1,2.0,22994,10.493,5.5966,0
vSIDM,3.0,10487,9.934,5.5902,0
SIDM1,1.0,40315,10.657,5.5890,0
CDM,4.0,7316,9.989,5.5823,0
CDM,2.0,23970,10.255,5.5728,0
SIDM1,2.0,36862,10.000,5.5693,0
vSIDM,3.0,9956,10.493,5.5686,0
CDM,3.0,13144,10.284,5.5666,0
vSIDM,2.0,18263,9.832,5.5664,0
vSIDM,2.0,15453,10.606,5.5662,0
SIDM1,4.0,7377,9.851,5.5565,0
vSIDM,3.0,10691,9.959,5.5547,0
SIDM1,2.0,19987,10.486,5.5547,0
vSIDM,2.0,22912,10.235,5.5514,0
vSIDM,0.5,65247,10.509,5.5500,0
CDM,3.0,12411,10.462,5.5488,0
vSIDM,2.0,22428,9.962,5.5365,0
CDM,2.0,33625,10.045,5.5351,0
SIDM1,4.0,8086,9.854,5.5318,0
SIDM1,2.0,33283,10.109,5.5314,0
CDM,1.0,45707,10.429,5.5313,0
SIDM1,3.0,10718,10.063,5.5304,0
vSIDM,2.0,30573,10.289,5.5301,0
CDM,2.0,21249,10.473,5.5283,0
SIDM1,2.0,30737,10.032,5.5170,0
SIDM1,3.0,11659,9.967,5.5150,0
CDM,4.0,8337,9.804,5.5148,0
SIDM1,1.0,17938,11.392,5.5143,0
vSIDM,3.0,15886,9.904,5.5112,0
SIDM1,3.0,14401,10.097,5.5067,0
SIDM1,1.0,48511,10.818,5.5048,0
vSIDM,2.0,12507,10.410,5.4984,0
SIDM1,2.0,26972,10.302,5.4954,0
SIDM1,0.5,48950,10.926,5.4952,0
CDM,2.0,20822,10.446,5.4871,0
SIDM1,1.0,49668,10.801,5.4806,0
CDM,1.0,53964,10.510,5.4759,0
SIDM1,3.0,19880,10.086,5.4741,0
CDM,2.0,19038,10.762,5.4729,0
CDM,2.0,28678,10.050,5.4699,0
SIDM1,3.0,20996,9.885,5.4581,0
CDM,3.0,12955,9.988,5.4560,0
SIDM1,2.0,29963,9.974,5.4507,0
vSIDM,2.0,18781,10.336,5.4368,0
SIDM1,4.0,5349,10.161,5.4309,0
vSIDM,1.0,53770,10.034,5.4275,0
CDM,2.0,21621,10.578,5.4270,0
SIDM1,1.0,70226,9.904,5.4233,0
vSIDM,3.0,16980,9.865,5.4207,0
vSIDM,3.0,11481,10.266,5.4194,0
vSIDM,2.0,16146,10.631,5.4163,0
vSIDM,2.0,12972,10.726,5.4154,0
vSIDM,4.0,3975,10.197,5.4132,0
SIDM1,2.0,30659,10.153,5.4064,0
vSIDM,2.0,25524,10.335,5.4032,0
SIDM1,3.0,18928,9.908,5.3959,0
vSIDM,0.5,68025,10.555,5.3955,0
vSIDM,2.0,26682,10.029,5.3877,0
CDM,2.0,22026,10.361,5.3869,0
vSIDM,3.0,1548,10.698,5.3818,0
vSIDM,2.0,34949,9.992,5.3691,0
SIDM1,3.0,2483,10.817,5.3598,0
vSIDM,2.0,23730,10.190,5.3592,0
vSIDM,0.5,48275,10.693,5.3541,0
SIDM1,2.0,12434,10.669,5.3535,0
vSIDM,1.0,36639,10.784,5.3525,0
SIDM1,2.0,36742,9.876,5.3414,0
CDM,2.0,18542,10.626,5.3411,0
SIDM1,3.0,15441,10.093,5.3411,0
SIDM1,3.0,0,11.292,5.3365,0
vSIDM,2.0,33403,10.119,5.3302,0
vSIDM,1.0,38604,10.589,5.3280,0
CDM,2.0,27915,10.301,5.3240,0
vSIDM,0.5,73773,9.951,5.3223,0
CDM,1.0,65461,9.812,5.3179,0
CDM,2.0,38127,9.823,5.3174,0
CDM,2.0,16483,10.734,5.3096,0
CDM,1.0,47815,10.884,5.3069,0
vSIDM,0.5,30484,10.829,5.3063,0
SIDM1,2.0,31664,10.084,5.3060,0
SIDM1,2.0,40566,9.844,5.3010,0
vSIDM,2.0,29641,10.143,5.3006,0
SIDM1,3.0,17131,9.912,5.2996,0
vSIDM,1.0,42153,10.744,5.2942,0
CDM,3.0,13789,10.082,5.2933,0
CDM,2.0,32037,10.008,5.2926,0
CDM,3.0,15361,10.272,5.2880,0
vSIDM,2.0,24509,9.858,5.2845,0
CDM,2.0,40208,9.897,5.2835,0
vSIDM,1.0,53621,10.200,5.2830,0
SIDM1,2.0,36256,9.947,5.2820,0
CDM,1.0,53442,10.318,5.2784,0
SIDM1,3.0,20039,9.900,5.2739,0
SIDM1,1.0,55866,10.196,5.2732,0
CDM,2.0,16890,10.387,5.2692,0
SIDM1,2.0,22739,10.571,5.2678,0
SIDM1,2.0,37575,9.856,5.2645,0
SIDM1,1.0,46462,10.363,5.2643,0
vSIDM,3.0,14334,10.010,5.2596,0
CDM,3.0,18552,9.980,5.2587,0
CDM,1.0,33421,10.850,5.2528,0
SIDM1,2.0,28974,10.422,5.2514,0
CDM,1.0,49926,10.478,5.2507,0
CDM,2.0,33766,10.232,5.2480,0
SIDM1,2.0,21321,10.420,5.2426,0
SIDM1,2.0,16902,10.380,5.2377,0
vSIDM,2.0,31137,10.019,5.2359,0
CDM,3.0,16494,9.917,5.2331,0
vSIDM,2.0,32837,9.911,5.2300,0
vSIDM,2.0,18867,10.586,5.2293,0
CDM,4.0,2127,10.544,5.2291,0
vSIDM,2.0,22839,10.397,5.2264,0
vSIDM,2.0,34164,9.925,5.2249,0
CDM,3.0,19603,9.881,5.2146,0
SIDM1,2.0,32917,9.968,5.2111,0
vSIDM,2.0,22195,10.270,5.2092,0
vSIDM,2.0,17904,10.567,5.2001,0
vSIDM,1.0,20896,11.060,5.2000,0
SIDM1,1.0,52727,10.587,5.1973,0
vSIDM,1.0,49551,10.470,5.1864,0
CDM,2.0,43340,9.935,5.1746,0
SIDM1,2.0,20527,10.390,5.1729,0
SIDM1,0.5,48117,10.649,5.1729,0
SIDM1,2.0,34824,10.163,5.1702,0
vSIDM,2.0,29279,10.031,5.1673,0
vSIDM,0.5,61003,10.747,5.1626,0
vSIDM,1.0,50788,10.338,5.1611,0
SIDM1,2.0,37056,9.803,5.1603,0
CDM,2.0,17260,10.659,5.1599,0
vSIDM,3.0,8865,10.401,5.1553,0
SIDM1,3.0,23312,9.821,5.1535,0
vSIDM,2.0,35764,9.918,5.1387,0
CDM,3.0,15497,9.936,5.1359,0
CDM,1.0,55724,10.247,5.1345,0
SIDM1,2.0,25235,10.387,5.1345,0
vSIDM,2.0,31656,9.897,5.1336,0
CDM,4.0,5025,10.037,5.1317,0
vSIDM,3.0,8431,10.535,5.1289,0
vSIDM,3.0,13200,9.953,5.1266,0
CDM,3.0,4713,10.603,5.1253,0
CDM,3.0,9959,10.543,5.1229,0
CDM,1.0,52223,10.607,5.1194,0
vSIDM,1.0,73692,9.874,5.1166,0
vSIDM,2.0,32874,10.207,5.1150,0
SIDM1,3.0,9400,10.123,5.1149,0
vSIDM,1.0,40142,10.782,5.1141,0
vSIDM,3.0,9279,10.520,5.1127,0
vSIDM,3.0,11741,9.894,5.1093,0
SIDM1,2.0,28302,10.119,5.1003,0
vSIDM,1.0,47314,10.459,5.0954,0
CDM,1.0,37956,10.798,5.0948,0
SIDM1,2.0,19039,10.610,5.0941,0
SIDM1,1.0,50195,10.489,5.0931,0
CDM,2.0,27607,10.429,5.0862,0
CDM,3.0,0,11.260,5.0841,0
vSIDM,2.0,36529,9.858,5.0790,0
SIDM1,2.0,31370,9.968,5.0767,0
vSIDM,2.0,19886,10.365,5.0750,0
CDM,2.0,33026,10.292,5.0727,0
SIDM1,0.5,77161,10.089,5.0724,0
CDM,0.5,64195,10.757,5.0691,0
SIDM1,2.0,23756,10.622,5.0689,0
CDM,1.0,58607,10.210,5.0655,0
SIDM1,1.0,48909,10.574,5.0647,0
SIDM1,2.0,9182,10.815,5.0617,0
CDM,3.0,20483,9.946,5.0556,0
vSIDM,2.0,30531,10.088,5.0536,0
vSIDM,2.0,34517,9.817,5.0527,0
vSIDM,1.0,44798,10.498,5.0518,0
CDM,3.0,6783,10.416,5.0506,0
SIDM1,1.0,63222,10.109,5.0489,0
SIDM1,2.0,29207,10.142,5.0484,0
CDM,1.0,62286,10.047,5.0476,0
CDM,3.0,13640,10.203,5.0471,0
CDM,4.0,4482,10.332,5.0466,0
CDM,3.0,12685,9.942,5.0463,0
SIDM1,1.0,27549,11.161,5.0461,0
vSIDM,1.0,43461,10.187,5.0429,0
CDM,3.0,15783,10.053,5.0425,0
CDM,1.0,60078,10.113,5.0388,0
SIDM1,3.0,15698,9.853,5.0332,0
CDM,1.0,46005,10.337,5.0321,0
vSIDM,2.0,36021,9.803,5.0318,0
SIDM1,1.0,35270,10.851,5.0316,0
SIDM1,0.5,63864,10.728,5.0308,0
SIDM1,2.0,27955,10.478,5.0298,0
CDM,2.0,27138,10.339,5.0266,0
SIDM1,2.0,27624,10.161,5.0230,0
CDM,2.0,32792,9.989,5.0223,0
vSIDM,3.0,13973,10.212,5.0222,0
SIDM1,1.0,37014,10.843,5.0203,0
SIDM1,1.0,38304,10.492,5.0197,0
SIDM1,2.0,15416,10.549,5.0131,0
vSIDM,1.0,53050,10.467,5.0093,0
CDM,3.0,15058,10.141,5.0083,0
SIDM1,3.0,10309,9.972,5.0027,0
SIDM1,2.0,19479,10.730,5.0010,0
vSIDM,1.0,50647,10.432,5.0002,0
CDM,2.0,8136,11.422,4.9999,0
vSIDM,1.0,49093,10.308,4.9993,0
CDM,2.0,26428,10.123,4.9991,0
SIDM1,2.0,32727,9.990,4.9975,0
vSIDM,3.0,13735,10.168,4.9967,0
SIDM1,2.0,23969,10.330,4.9956,0
SIDM1,3.0,11569,9.873,4.9942,0
SIDM1,2.0,17964,10.762,4.9935,0
vSIDM,1.0,53515,10.298,4.9896,0
CDM,2.0,7066,11.088,4.9848,0
CDM,2.0,36114,10.091,4.9775,0
CDM,1.0,37738,10.826,4.9736,0
vSIDM,2.0,24115,10.251,4.9727,0
vSIDM,3.0,18473,9.897,4.9685,0
SIDM1,3.0,11289,10.115,4.9646,0
SIDM1,0.5,68333,10.511,4.9624,0
CDM,2.0,17905,10.452,4.9562,0
vSIDM,3.0,5748,10.467,4.9533,0
vSIDM,2.0,20819,10.209,4.9520,0
CDM,0.5,65557,10.300,4.9473,0
SIDM1,2.0,34316,9.928,4.9411,0
CDM,1.0,52031,10.658,4.9401,0
CDM,1.0,35368,11.003,4.9375,0
vSIDM,2.0,28912,9.906,4.9361,0
SIDM1,1.0,43508,10.780,4.9342,0
vSIDM,2.0,33005,10.148,4.9244,0
SIDM1,0.5,72080,10.440,4.9210,0
CDM,3.0,12534,10.370,4.9152,0
SIDM1,3.0,12067,10.007,4.9137,0
SIDM1,2.0,30990,10.275,4.9083,0
CDM,1.0,58654,10.102,4.9046,0
CDM,1.0,54776,10.487,4.9017,0
SIDM1,2.0,23433,10.340,4.8994,0
SIDM1,4.0,4399,10.348,4.8976,0
SIDM1,1.0,61859,10.172,4.8934,0
SIDM1,2.0,20274,10.365,4.8912,0
CDM,2.0,26980,10.275,4.8903,0
CDM,3.0,4568,10.715,4.8900,0
vSIDM,2.0,20719,10.401,4.8870,0
SIDM1,4.0,2316,10.774,4.8781,0
SIDM1,3.0,17786,9.870,4.8704,0
vSIDM,1.0,58061,10.210,4.8685,0
CDM,1.0,53675,10.441,4.8627,0
SIDM1,1.0,45007,10.776,4.8583,0
CDM,2.0,32557,9.909,4.8581,0
vSIDM,2.0,24648,10.367,4.8576,0
SIDM1,2.0,36347,9.916,4.8560,0
CDM,1.0,34859,10.845,4.8559,0
CDM,1.0,44723,10.691,4.8522,0
vSIDM,2.0,29437,9.768,4.8497,0
vSIDM,1.0,55645,10.040,4.8466,0
CDM,3.0,15719,9.899,4.8450,0
CDM,2.0,41232,10.030,4.8436,0
SIDM1,1.0,66512,9.972,4.8417,0
CDM,0.5,52743,10.603,4.8410,0
SIDM1,4.0,6369,9.924,4.8397,0
CDM,3.0,17767,9.808,4.8359,0
SIDM1,2.0,21425,10.084,4.8328,0
vSIDM,1.0,58227,10.282,4.8326,0
SIDM1,2.0,24463,10.216,4.8312,0
CDM,1.0,32380,10.942,4.8258,0
CDM,3.0,16383,9.799,4.8236,0
vSIDM,2.0,22540,10.251,4.8231,0
vSIDM,1.0,46659,10.533,4.8229,0
CDM,2.0,29248,10.067,4.8226,0
CDM,0.5,83086,10.008,4.8224,0
vSIDM,2.0,15782,10.733,4.8207,0
vSIDM,2.0,19328,10.155,4.8166,0
vSIDM,2.0,5253,11.176,4.8153,0
vSIDM,3.0,21399,9.784,4.8144,0
vSIDM,2.0,18012,9.951,4.8121,0
vSIDM,2.0,33661,9.937,4.8097,0
CDM,1.0,48392,10.482,4.8087,0
SIDM1,2.0,41607,9.976,4.8087,0
CDM,1.0,65855,10.085,4.8076,0
CDM,1.0,41959,10.664,4.8056,0
CDM,1.0,41542,10.779,4.8050,0
CDM,1.0,51390,10.293,4.8007,0
SIDM1,1.0,45854,10.394,4.7954,0
CDM,0.5,86773,9.741,4.7933,0
vSIDM,1.0,42644,10.807,4.7921,0
CDM,1.0,55862,10.295,4.7910,0
CDM,2.0,22519,10.135,4.7890,0
CDM,2.0,24971,10.200,4.7830,0
vSIDM,1.0,34323,10.806,4.7805,0
SIDM1,0.5,69569,9.901,4.7780,0
CDM,1.0,51019,10.683,4.7760,0
SIDM1,2.0,18448,10.664,4.7743,0
SIDM1,2.0,32225,9.968,4.7740,0
SIDM1,2.0,39948,10.078,4.7735,0
SIDM1,4.0,5294,10.108,4.7721,0
SIDM1,3.0,16255,9.989,4.7683,0
SIDM1,2.0,6018,11.193,4.7640,0
vSIDM,3.0,7464,10.207,4.7631,0
vSIDM,2.0,33310,9.878,4.7618,0
CDM,2.0,19935,10.489,4.7612,0
CDM,2.0,26663,10.208,4.7612,0
SIDM1,2.0,20183,10.521,4.7586,0
SIDM1,1.0,57645,10.020,4.7577,0
SIDM1,2.0,27125,10.205,4.7556,0
CDM,1.0,60888,9.976,4.7553,0
vSIDM,1.0,38274,10.906,4.7553,0
CDM,1.0,55431,10.463,4.7537,0
vSIDM,1.0,55292,10.020,4.7527,0
SIDM1,3.0,14856,10.238,4.7493,0
CDM,2.0,36744,9.974,4.7490,0
vSIDM,2.0,36242,9.776,4.7489,0
CDM,2.0,12984,10.662,4.7483,0
CDM,2.0,28948,10.023,4.7472,0
SIDM1,2.0,24857,10.176,4.7459,0
vSIDM,1.0,55463,10.137,4.7413,0
CDM,3.0,640,11.338,4.7400,0
SIDM1,2.0,31279,9.952,4.7389,0
vSIDM,3.0,18543,9.794,4.7351,0
SIDM1,1.0,64847,10.122,4.7308,0
CDM,4.0,5584,10.143,4.7280,0
SIDM1,2.0,19530,10.543,4.7268,0
vSIDM,1.0,40269,10.517,4.7130,0
SIDM1,2.0,35279,9.900,4.7125,0
vSIDM,3.0,13168,10.068,4.7107,0
CDM,2.0,30016,9.977,4.7088,0
vSIDM,2.0,26401,10.007,4.7083,0
CDM,1.0,56556,10.372,4.7082,0
vSIDM,2.0,27079,10.386,4.7038,0
vSIDM,2.0,10064,11.147,4.7037,0
CDM,1.0,30185,11.242,4.7034,0
SIDM1,1.0,59712,10.251,4.7023,0
vSIDM,2.0,35303,9.841,4.6981,0
CDM,2.0,29451,10.395,4.6957,0
vSIDM,2.0,11189,10.998,4.6905,0
CDM,2.0,39620,9.811,4.6895,0
vSIDM,3.0,18490,10.073,4.6845,0
SIDM1,2.0,28475,10.202,4.6795,0
vSIDM,2.0,13154,10.672,4.6777,0
vSIDM,1.0,18992,11.187,4.6767,0
CDM,4.0,2663,10.394,4.6750,0
CDM,2.0,32748,10.172,4.6739,0
CDM,1.0,53887,10.229,4.6724,0
CDM,3.0,16237,9.984,4.6691,0
SIDM1,2.0,17331,10.812,4.6687,0
CDM,2.0,37514,10.152,4.6681,0
CDM,2.0,25278,10.597,4.6651,0
SIDM1,2.0,31230,9.782,4.6533,0
vSIDM,1.0,55072,10.217,4.6499,0
SIDM1,2.0,21057,10.733,4.6457,0
SIDM1,3.0,11879,10.497,4.6437,0
CDM,3.0,16650,9.917,4.6416,0
vSIDM,2.0,28277,10.194,4.6397,0
CDM,1.0,68729,9.743,4.6378,0
SIDM1,1.0,64749,10.112,4.6374,0
SIDM1,3.0,12581,9.901,4.6373,0
SIDM1,3.0,4341,10.706,4.6345,0
CDM,1.0,40057,10.912,4.6342,0
SIDM1,3.0,14585,9.961,4.6323,0
vSIDM,3.0,16396,9.886,4.6313,0
CDM,2.0,18256,10.052,4.6311,0
vSIDM,0.5,67792,10.193,4.6308,0
vSIDM,2.0,26282,10.217,4.6296,0
CDM,1.0,64807,10.138,4.6295,0
vSIDM,2.0,21950,10.242,4.6279,0
vSIDM,1.0,55905,10.042,4.6264,0
vSIDM,2.0,45097,9.792,4.6207,0
vSIDM,1.0,63677,9.796,4.6187,0
vSIDM,2.0,35597,9.926,4.6178,0
vSIDM,3.0,5954,10.740,4.6159,0
SIDM1,2.0,32183,9.907,4.6147,0
CDM,3.0,11281,10.136,4.6130,0
CDM,1.0,56924,10.447,4.6066,0
CDM,0.5,71047,10.626,4.6051,0
vSIDM,2.0,36210,9.876,4.6050,0
SIDM1,2.0,34713,9.905,4.6024,0
vSIDM,2.0,17326,10.698,4.5910,0
CDM,2.0,36795,9.892,4.5884,0
CDM,1.0,59974,10.445,4.5875,0
SIDM1,1.0,55330,10.434,4.5869,0
vSIDM,1.0,51986,10.450,4.5867,0
CDM,2.0,22222,10.466,4.5863,0
vSIDM,3.0,12726,10.019,4.5847,0
SIDM1,1.0,56336,10.409,4.5835,0
CDM,2.0,40262,9.744,4.5774,0
vSIDM,0.5,73611,10.172,4.5730,0
SIDM1,1.0,63642,10.139,4.5719,0
CDM,1.0,68287,9.983,4.5709,0
vSIDM,2.0,31937,10.160,4.5684,0
CDM,1.0,49193,10.588,4.5677,0
SIDM1,2.0,36623,9.862,4.5654,0
CDM,1.0,30716,10.982,4.5621,0
CDM,3.0,8592,10.547,4.5608,0
CDM,3.0,4014,10.903,4.5567,0
vSIDM,3.0,8718,10.541,4.5511,0
SIDM1,1.0,64915,10.155,4.5509,0
vSIDM,2.0,21221,9.914,4.5503,0
vSIDM,1.0,20329,11.540,4.5481,0
SIDM1,2.0,30876,10.183,4.5477,0
CDM,0.5,47931,10.983,4.5446,0
vSIDM,3.0,16822,9.941,4.5446,0
CDM,1.0,55224,10.390,4.5444,0
CDM,0.5,65268,10.679,4.5430,0
vSIDM,3.0,16438,9.795,4.5412,0
CDM,2.0,41258,9.938,4.5410,0
vSIDM,2.0,24801,10.187,4.5357,0
CDM,1.0,43511,10.457,4.5346,0
CDM,2.0,24157,10.270,4.5319,0
vSIDM,1.0,46864,10.562,4.5310,0
vSIDM,2.0,29884,9.932,4.5279,0
SIDM1,2.0,27699,10.106,4.5267,0
vSIDM,1.0,47415,10.683,4.5248,0
CDM,1.0,44947,10.665,4.5206,0
SIDM1,2.0,34939,9.890,4.5144,0
CDM,3.0,16461,10.010,4.5134,0
SIDM1,2.0,42607,9.970,4.5119,0
SIDM1,1.0,67676,9.950,4.5111,0
vSIDM,2.0,41720,9.782,4.5067,0
vSIDM,2.0,15899,10.421,4.5006,0
vSIDM,0.5,66938,10.565,4.5002,0
SIDM1,1.0,58355,10.197,4.5000,0
CDM,2.0,29676,10.368,4.4967,0
CDM,1.0,52076,10.496,4.4934,0
CDM,1.0,38314,10.689,4.4927,0
vSIDM,2.0,37554,10.022,4.4872,0
SIDM1,1.0,41585,10.750,4.4872,0
vSIDM,1.0,52811,10.066,4.4869,0
SIDM1,3.0,14903,10.090,4.4834,0
CDM,0.5,86423,9.993,4.4834,0
CDM,3.0,9682,10.535,4.4831,0
SIDM1,3.0,21859,9.776,4.4826,0
SIDM1,3.0,14193,9.794,4.4818,0
SIDM1,2.0,29477,10.106,4.4797,0
vSIDM,2.0,9033,11.031,4.4770,0
vSIDM,1.0,52874,10.438,4.4751,0
vSIDM,2.0,35086,9.781,4.4749,0
vSIDM,1.0,46566,10.510,4.4711,0
SIDM1,2.0,30217,10.237,4.4685,0
SIDM1,2.0,28259,10.294,4.4639,0
CDM,1.0,63426,10.244,4.4609,0
vSIDM,2.0,34564,9.927,4.4593,0
CDM,1.0,56476,10.407,4.4576,0
CDM,2.0,25163,10.048,4.4571,0
vSIDM,1.0,46940,10.525,4.4568,0
vSIDM,3.0,10886,10.470,4.4505,0
vSIDM,3.0,15547,9.932,4.4489,0
SIDM1,2.0,22235,10.569,4.4473,0
SIDM1,1.0,58302,10.177,4.4459,0
SIDM1,3.0,14635,10.166,4.4447,0
CDM,1.0,36352,10.945,4.4416,0
vSIDM,2.0,29810,10.206,4.4333,0
SIDM1,1.0,47883,10.573,4.4302,0
vSIDM,2.0,16516,10.648,4.4247,0
SIDM1,0.5,66917,10.505,4.4216,0
vSIDM,2.0,30395,9.990,4.4208,0
vSIDM,2.0,29678,10.084,4.4202,0
CDM,3.0,11364,10.528,4.4191,0
vSIDM,0.5,63856,10.705,4.4176,0
SIDM1,1.0,36546,10.817,4.4111,0
vSIDM,1.0,55706,10.253,4.4101,0
SIDM1,0.5,81104,9.864,4.4056,0
CDM,2.0,18676,10.720,4.4033,0
CDM,3.0,6681,10.742,4.4020,0
vSIDM,3.0,17414,9.799,4.4011,0
CDM,2.0,24893,9.998,4.3999,0
vSIDM,2.0,30749,9.937,4.3982,0
CDM,2.0,36466,9.857,4.3960,0
CDM,2.0,40591,9.890,4.3950,0
SIDM1,2.0,46533,9.850,4.3932,0
SIDM1,2.0,32135,10.183,4.3911,0
CDM,1.0,73711,9.859,4.3906,0
CDM,1.0,16379,11.396,4.3903,0
vSIDM,2.0,32177,10.002,4.3891,0
SIDM1,1.0,62115,10.200,4.3880,0
CDM,2.0,21834,10.715,4.3876,0
vSIDM,2.0,31855,10.097,4.3865,0
CDM,2.0,27323,10.048,4.3833,0
vSIDM,1.0,47993,10.658,4.3789,0
CDM,1.0,43662,10.709,4.3771,0
CDM,2.0,31716,9.891,4.3767,0
SIDM1,1.0,43630,10.763,4.3736,0
SIDM1,1.0,65853,10.197,4.3712,0
vSIDM,2.0,27811,9.868,4.3692,0
vSIDM,1.0,54398,10.183,4.3689,0
SIDM1,2.0,24094,10.097,4.3675,0
vSIDM,2.0,20212,10.247,4.3616,0
CDM,2.0,37062,9.965,4.3612,0
vSIDM,2.0,21437,10.405,4.3593,0
vSIDM,1.0,51930,10.311,4.3586,0
SIDM1,2.0,15095,10.739,4.3570,0
SIDM1,2.0,16638,10.614,4.3547,0
vSIDM,0.5,50238,10.838,4.3539,0
SIDM1,3.0,17166,9.999,4.3533,0
CDM,2.0,25084,10.130,4.3514,0
SIDM1,1.0,63423,10.133,4.3498,0
vSIDM,3.0,12444,9.865,4.3483,0
vSIDM,1.0,47708,10.502,4.3480,0
vSIDM,2.0,20578,10.005,4.3478,0
vSIDM,4.0,2422,10.125,4.3442,0
SIDM1,2.0,21870,10.152,4.3441,0
CDM,1.0,70638,10.186,4.3435,0
CDM,2.0,29158,10.185,4.3432,0
vSIDM,3.0,17659,9.836,4.3423,0
vSIDM,1.0,45223,10.707,4.3406,0
vSIDM,2.0,18186,10.511,4.3384,0
vSIDM,2.0,42017,9.753,4.3381,0
vSIDM,2.0,23983,10.341,4.3340,0
SIDM1,1.0,60573,10.243,4.3336,0
CDM,1.0,61271,10.169,4.3309,0
vSIDM,1.0,50387,10.480,4.3289,0
SIDM1,1.0,28575,10.996,4.3276,0
SIDM1,1.0,60373,10.220,4.3265,0
SIDM1,0.5,81340,10.272,4.3262,0
vSIDM,1.0,38857,10.653,4.3221,0
SIDM1,1.0,53327,10.294,4.3156,0
SIDM1,1.0,57745,10.391,4.3155,0
SIDM1,2.0,28642,10.104,4.3144,0
SIDM1,2.0,43710,9.997,4.3131,0
vSIDM,1.0,56078,9.868,4.3122,0
SIDM1,2.0,23358,10.498,4.3113,0
CDM,0.5,83967,10.133,4.3104,0
SIDM1,1.0,55135,10.528,4.3101,0
SIDM1,1.0,67220,9.807,4.3082,0
CDM,1.0,18284,11.402,4.3053,0
CDM,1.0,35589,10.792,4.3040,0
vSIDM,2.0,32089,10.059,4.3009,0
vSIDM,0.5,70121,10.449,4.2995,0
vSIDM,0.5,72018,10.483,4.2980,0
vSIDM,2.0,38382,9.798,4.2976,0
vSIDM,1.0,65587,9.781,4.2952,0
CDM,1.0,46690,10.171,4.2951,0
SIDM1,2.0,19165,10.662,4.2933,0
SIDM1,2.0,41056,9.912,4.2922,0
SIDM1,2.0,38835,9.785,4.2887,0
vSIDM,2.0,26864,10.169,4.2878,0
CDM,2.0,35716,9.841,4.2868,0
SIDM1,2.0,23060,10.311,4.2805,0
vSIDM,1.0,68233,9.820,4.2775,0
SIDM1,0.5,65731,10.431,4.2752,0
SIDM1,0.5,81573,10.200,4.2750,0
SIDM1,1.0,64496,10.343,4.2738,0
CDM,2.0,34828,10.239,4.2720,0
SIDM1,2.0,40737,9.751,4.2708,0
SIDM1,1.0,49743,10.598,4.2705,0
CDM,2.0,27525,10.370,4.2698,0
CDM,1.0,67549,9.769,4.2669,0
vSIDM,2.0,23808,10.291,4.2667,0
CDM,2.0,29001,10.252,4.2628,0
SIDM1,1.0,71322,9.833,4.2592,0
SIDM1,2.0,34068,10.250,4.2588,0
SIDM1,0.5,30212,10.863,4.2533,0
vSIDM,2.0,20329,10.462,4.2520,0
vSIDM,4.0,1936,10.742,4.2517,0
vSIDM,2.0,22657,10.012,4.2500,0
vSIDM,2.0,27025,10.349,4.2498,0
SIDM1,2.0,15269,10.508,4.2494,0
SIDM1,0.5,70882,10.318,4.2484,0
vSIDM,1.0,47223,10.614,4.2411,0
vSIDM,0.5,73132,10.336,4.2408,0
vSIDM,2.0,30783,9.935,4.2404,0
vSIDM,2.0,24580,10.314,4.2398,0
SIDM1,3.0,17508,9.983,4.2391,0
SIDM1,1.0,59586,10.105,4.2389,0
vSIDM,0.5,69956,10.368,4.2385,0
SIDM1,2.0,39300,9.943,4.2368,0
CDM,0.5,78142,10.187,4.2346,0
SIDM1,0.5,69971,10.508,4.2343,0
SIDM1,0.5,69336,10.639,4.2334,0
CDM,2.0,33495,10.138,4.2297,0
vSIDM,1.0,32803,11.006,4.2289,0
SIDM1,2.0,14034,10.690,4.2271,0
vSIDM,2.0,19508,10.601,4.2264,0
SIDM1,1.0,38538,10.947,4.2248,0
CDM,1.0,39763,10.693,4.2214,0
SIDM1,1.0,66001,10.268,4.2181,0
vSIDM,1.0,49290,10.057,4.2156,0
CDM,3.0,12116,10.058,4.2153,0
vSIDM,1.0,37931,10.586,4.2143,0
SIDM1,1.0,41959,10.887,4.2143,0
vSIDM,1.0,42069,10.745,4.2135,0
vSIDM,2.0,30233,10.131,4.2127,0
SIDM1,3.0,15074,9.974,4.2083,0
vSIDM,0.5,71478,10.205,4.2072,0
CDM,1.0,58339,10.098,4.2071,0
vSIDM,2.0,42855,9.777,4.2067,0
vSIDM,2.0,30672,10.151,4.2058,0
vSIDM,3.0,15740,9.842,4.2051,0
vSIDM,0.5,86162,9.773,4.2027,0
CDM,2.0,34921,9.798,4.2007,0
CDM,1.0,54304,9.985,4.2001,0
CDM,2.0,10589,11.154,4.1984,0
vSIDM,1.0,45521,10.514,4.1978,0
vSIDM,1.0,62709,9.944,4.1974,0
CDM,1.0,67147,9.775,4.1973,0
SIDM1,2.0,27881,10.138,4.1971,0
CDM,0.5,83662,10.177,4.1937,0
CDM,2.0,44414,9.786,4.1892,0
SIDM1,1.0,62730,9.990,4.1885,0
vSIDM,2.0,38153,9.810,4.1874,0
CDM,2.0,38311,10.070,4.1850,0
SIDM1,2.0,39058,9.753,4.1843,0
SIDM1,1.0,52488,10.444,4.1842,0
vSIDM,1.0,53278,10.361,4.1842,0
CDM,2.0,21435,10.614,4.1819,0
CDM,1.0,54191,10.493,4.1818,0
CDM,2.0,32827,10.124,4.1811,0
vSIDM,2.0,38107,9.891,4.1796,0
SIDM1,2.0,39510,9.879,4.1787,0
SIDM1,2.0,33144,10.160,4.1773,0
vSIDM,2.0,31597,9.762,4.1763,0
CDM,1.0,55968,10.374,4.1762,0
CDM,3.0,19064,9.902,4.1729,0
SIDM1,2.0,34982,10.094,4.1702,0
CDM,1.0,61402,10.256,4.1693,0
vSIDM,2.0,23537,10.136,4.1688,0
vSIDM,2.0,17862,10.721,4.1677,0
CDM,3.0,5270,10.226,4.1651,0
SIDM1,3.0,13187,10.213,4.1646,0
SIDM1,2.0,25605,9.896,4.1636,0
vSIDM,3.0,10992,9.867,4.1635,0
SIDM1,2.0,32420,9.758,4.1634,0
SIDM1,2.0,22891,9.832,4.1598,0
CDM,1.0,66265,9.933,4.1568,0
CDM,0.5,58864,10.883,4.1520,0
SIDM1,1.0,42890,10.095,4.1506,0
SIDM1,2.0,32680,9.895,4.1504,0
vSIDM,3.0,11063,9.902,4.1500,0
CDM,2.0,36518,9.892,4.1487,0
CDM,2.0,22946,10.354,4.1406,0
CDM,2.0,28431,10.387,4.1366,0
CDM,2.0,30850,10.392,4.1350,0
vSIDM,2.0,23303,10.593,4.1343,0
SIDM1,0.5,65844,10.682,4.1308,0
SIDM1,2.0,23181,10.446,4.1294,0
SIDM1,1.0,63030,9.898,4.1290,0
vSIDM,2.0,28469,10.202,4.1264,0
vSIDM,2.0,32569,9.959,4.1247,0
SIDM1,1.0,67029,10.111,4.1206,0
CDM,1.0,50652,10.213,4.1203,0
vSIDM,1.0,57600,9.986,4.1201,0
SIDM1,0.5,62519,10.822,4.1180,0
CDM,1.0,56989,10.177,4.1158,0
SIDM1,0.5,70162,10.447,4.1152,0
vSIDM,2.0,38936,9.917,4.1124,0
CDM,1.0,58763,10.079,4.1101,0
SIDM1,2.0,35656,10.199,4.1095,0
SIDM1,2.0,35956,10.006,4.1075,0
CDM,2.0,22778,10.523,4.1075,0
CDM,2.0,9971,11.076,4.1062,0
CDM,2.0,45581,9.752,4.1053,0
SIDM1,1.0,62645,10.167,4.1046,0
CDM,2.0,30811,10.396,4.1045,0
vSIDM,1.0,52731,10.370,4.1033,0
vSIDM,1.0,55008,9.970,4.1010,0
CDM,2.0,35799,9.773,4.1009,0
SIDM1,0.5,51494,10.882,4.1008,0
SIDM1,2.0,31341,10.302,4.0987,0
CDM,2.0,17788,10.699,4.0965,0
SIDM1,2.0,17605,10.758,4.0962,0
CDM,1.0,75324,9.738,4.0959,0
SIDM1,2.0,39197,9.814,4.0927,0
CDM,0.5,68991,10.572,4.0927,0
SIDM1,0.5,54727,10.596,4.0924,0
CDM,1.0,64051,10.145,4.0903,0
vSIDM,2.0,27186,10.063,4.0877,0
CDM,0.5,87614,9.728,4.0809,0
SIDM1,0.5,75424,10.040,4.0808,0
vSIDM,2.0,39001,9.735,4.0798,0
SIDM1,2.0,37362,9.961,4.0789,0
CDM,0.5,74291,10.046,4.0756,0
SIDM1,1.0,61733,10.194,4.0712,0
vSIDM,2.0,40858,9.818,4.0693,0
CDM,1.0,50131,10.603,4.0670,0
CDM,1.0,54376,10.431,4.0645,0
CDM,1.0,54102,10.258,4.0625,0
vSIDM,1.0,43334,10.634,4.0616,0
CDM,2.0,36717,9.984,4.0608,0
vSIDM,2.0,35499,10.174,4.0595,0
CDM,2.0,14269,10.725,4.0580,0
vSIDM,2.0,40985,9.755,4.0567,0
SIDM1,2.0,11685,11.019,4.0549,0
SIDM1,0.5,72867,10.460,4.0534,0
CDM,1.0,54700,10.254,4.0518,0
CDM,2.0,26897,10.189,4.0505,0
CDM,1.0,19958,11.371,4.0499,0
vSIDM,1.0,60536,10.044,4.0498,0
CDM,2.0,36153,9.813,4.0495,0
CDM,1.0,62913,9.806,4.0487,0
SIDM1,1.0,67755,9.919,4.0476,0
vSIDM,0.5,57190,10.703,4.0445,0
vSIDM,1.0,39461,10.966,4.0438,0
vSIDM,1.0,58787,10.396,4.0435,0
SIDM1,1.0,47182,10.737,4.0427,0
CDM,1.0,59688,9.860,4.0384,0
vSIDM,2.0,16875,10.110,4.0372,0
CDM,2.0,35100,10.048,4.0364,0
vSIDM,2.0,23165,10.001,4.0348,0
CDM,2.0,11639,11.032,4.0316,0
SIDM1,2.0,28355,10.331,4.0311,0
CDM,2.0,23553,10.423,4.0308,0
vSIDM,1.0,57360,10.006,4.0302,0
SIDM1,3.0,14820,10.322,4.0294,0
CDM,1.0,49715,10.469,4.0293,0
vSIDM,3.0,18648,9.922,4.0279,0
CDM,2.0,38533,10.168,4.0276,0
CDM,2.0,31603,10.181,4.0256,0
vSIDM,2.0,27336,10.314,4.0216,0
vSIDM,0.5,67880,10.452,4.0211,0
vSIDM,0.5,69335,9.993,4.0208,0
vSIDM,1.0,68075,9.737,4.0191,0
CDM,1.0,63550,10.303,4.0186,0
SIDM1,2.0,41994,9.878,4.0186,0
CDM,2.0,31467,10.030,4.0170,0
SIDM1,2.0,49599,9.862,4.0150,0
SIDM1,2.0,37335,10.173,4.0141,0
CDM,1.0,71097,9.939,4.0132,0
CDM,3.0,20118,10.057,4.0122,0
SIDM1,1.0,60118,10.193,4.0087,0
CDM,1.0,55570,10.273,4.0067,0
CDM,0.5,63831,10.779,4.0065,0
CDM,2.0,26370,10.434,4.0058,0
vSIDM,3.0,7587,10.538,4.0055,0
CDM,1.0,58023,10.018,4.0053,0
SIDM1,2.0,32962,10.336,4.0051,0
CDM,1.0,56236,10.457,4.0050,0
vSIDM,2.0,28230,10.169,4.0047,0
SIDM1,2.0,26575,10.228,4.0043,0
CDM,2.0,45196,9.899,4.0043,0
SIDM1,2.0,16385,10.646,4.0031,0
vSIDM,0.5,74258,10.407,4.0026,0
vSIDM,1.0,62947,9.733,3.9991,0
SIDM1,1.0,52022,10.725,3.9967,0
CDM,1.0,32625,11.063,3.9957,0
vSIDM,1.0,60255,10.053,3.9944,0
vSIDM,1.0,66346,10.054,3.9935,0
vSIDM,2.0,27590,9.957,3.9935,0
CDM,0.5,64036,10.245,3.9923,0
CDM,0.5,85598,9.822,3.9824,0
CDM,1.0,34212,10.474,3.9801,0
CDM,2.0,30521,10.071,3.9782,0
CDM,3.0,16286,9.828,3.9767,0
CDM,1.0,53651,10.630,3.9757,0
vSIDM,2.0,21604,9.780,3.9738,0
CDM,0.5,66125,10.530,3.9725,0
CDM,2.0,31107,10.353,3.9721,0
SIDM1,0.5,65940,10.738,3.9715,0
CDM,2.0,35530,9.847,3.9707,0
vSIDM,2.0,34211,9.870,3.9690,0
SIDM1,0.5,60682,10.388,3.9679,0
CDM,3.0,17419,9.910,3.9668,0
CDM,1.0,45199,10.695,3.9628,0
CDM,2.0,33536,10.127,3.9593,0
vSIDM,1.0,47071,10.754,3.9590,0
SIDM1,1.0,50470,9.978,3.9556,0
SIDM1,1.0,54560,10.316,3.9550,0
CDM,2.0,15559,10.477,3.9535,0
CDM,2.0,39582,9.900,3.9483,0
SIDM1,2.0,22621,10.007,3.9480,0
vSIDM,0.5,74115,9.998,3.9465,0
SIDM1,1.0,59967,10.437,3.9464,0
vSIDM,2.0,33822,9.952,3.9463,0
SIDM1,1.0,32384,10.802,3.9450,0
CDM,3.0,24022,9.803,3.9434,0
CDM,0.5,50485,10.837,3.9432,0
CDM,0.5,79834,9.948,3.9431,0
CDM,1.0,52371,10.510,3.9430,0
vSIDM,0.5,41991,11.167,3.9429,0
SIDM1,1.0,57811,10.068,3.9425,0
SIDM1,2.0,28162,10.221,3.9413,0
vSIDM,1.0,45907,10.804,3.9411,0
vSIDM,2.0,16621,10.783,3.9389,0
vSIDM,2.0,30640,10.057,3.9363,0
SIDM1,1.0,44885,10.630,3.9340,0
CDM,3.0,12468,10.489,3.9333,0
SIDM1,2.0,35699,9.789,3.9310,0
SIDM1,2.0,23812,10.548,3.9298,0
vSIDM,0.5,61466,10.769,3.9294,0
SIDM1,1.0,53720,10.452,3.9275,0
vSIDM,1.0,65435,9.985,3.9258,0
CDM,2.0,22848,10.245,3.9254,0
CDM,2.0,29403,10.349,3.9243,0
SIDM1,2.0,26028,10.355,3.9234,0
vSIDM,0.5,67283,10.423,3.9230,0
SIDM1,2.0,41806,9.771,3.9228,0
CDM,0.5,67633,10.659,3.9228,0
SIDM1,4.0,8809,9.827,3.9226,0
vSIDM,2.0,15162,10.732,3.9222,0
CDM,1.0,55021,10.394,3.9208,0
CDM,1.0,48733,10.100,3.9205,0
SIDM1,2.0,39164,9.987,3.9194,0
vSIDM,2.0,26465,10.250,3.9139,0
vSIDM,1.0,58858,10.152,3.9135,0
CDM,2.0,35164,10.164,3.9106,0
vSIDM,2.0,29583,10.016,3.9101,0
SIDM1,0.5,85546,9.950,3.9095,0
SIDM1,0.5,85290,9.847,3.9090,0
SIDM1,1.0,49247,10.561,3.9086,0
SIDM1,2.0,34105,10.051,3.9072,0
CDM,0.5,64312,10.594,3.9034,0
vSIDM,2.0,33117,9.803,3.8980,0
SIDM1,0.5,75856,10.504,3.8949,0
vSIDM,2.0,32712,9.800,3.8946,0
SIDM1,2.0,30949,9.841,3.8921,0
vSIDM,2.0,26799,10.346,3.8920,0
CDM,0.5,69197,10.673,3.8916,0
vSIDM,0.5,64565,10.599,3.8894,0
CDM,0.5,69338,10.664,3.8867,0
SIDM1,1.0,60681,10.043,3.8854,0
SIDM1,1.0,69033,9.753,3.8853,0
SIDM1,1.0,54130,10.420,3.8827,0
SIDM1,1.0,41417,10.589,3.8811,0
vSIDM,0.5,62650,10.716,3.8806,0
SIDM1,2.0,32038,10.203,3.8800,0
CDM,1.0,65032,9.939,3.8795,0
SIDM1,2.0,30108,10.428,3.8771,0
SIDM1,2.0,39032,10.011,3.8770,0
SIDM1,1.0,32156,11.045,3.8736,0
SIDM1,1.0,34088,10.513,3.8690,0
SIDM1,0.5,71216,10.334,3.8685,0
SIDM1,1.0,59859,10.363,3.8649,0
SIDM1,1.0,45136,10.706,3.8644,0
vSIDM,2.0,33553,9.769,3.8644,0
CDM,1.0,46246,10.255,3.8640,0
CDM,0.5,75669,10.490,3.8582,0
vSIDM,1.0,48074,10.656,3.8577,0
SIDM1,1.0,57281,10.219,3.8572,0
CDM,0.5,59852,10.913,3.8554,0
vSIDM,1.0,62321,9.773,3.8549,0
vSIDM,2.0,36868,9.956,3.8538,0
SIDM1,2.0,32645,10.040,3.8537,0
vSIDM,2.0,36505,9.857,3.8528,0
vSIDM,2.0,35226,9.931,3.8523,0
CDM,2.0,31136,10.219,3.8514,0
CDM,2.0,16617,10.498,3.8512,0
vSIDM,0.5,68285,10.527,3.8486,0
SIDM1,0.5,77076,10.507,3.8474,0
vSIDM,2.0,31556,10.166,3.8454,0
vSIDM,1.0,60022,10.211,3.8450,0
vSIDM,1.0,48619,10.468,3.8449,0
vSIDM,0.5,67498,10.550,3.8404,0
CDM,1.0,41006,10.735,3.8396,0
vSIDM,1.0,53238,10.494,3.8393,0
SIDM1,1.0,61995,10.137,3.8376,0
CDM,1.0,38157,10.863,3.8363,0
vSIDM,1.0,51339,10.440,3.8350,0
SIDM1,2.0,31490,10.053,3.8347,0
vSIDM,0.5,68501,10.383,3.8342,0
SIDM1,1.0,44784,10.789,3.8329,0
CDM,1.0,51300,10.533,3.8324,0
CDM,0.5,76369,10.406,3.8306,0
CDM,0.5,74970,10.423,3.8260,0
SIDM1,0.5,77608,10.191,3.8255,0
vSIDM,2.0,39469,9.771,3.8252,0
CDM,1.0,47158,10.727,3.8248,0
SIDM1,0.5,83044,9.729,3.8235,0
CDM,2.0,37800,9.992,3.8216,0
SIDM1,2.0,36574,9.910,3.8154,0
vSIDM,0.5,61639,10.515,3.8114,0
CDM,3.0,11935,9.874,3.8110,0
SIDM1,1.0,56056,10.363,3.8093,0
SIDM1,3.0,14778,10.029,3.8084,0
CDM,0.5,89867,9.959,3.8072,0
vSIDM,2.0,30067,10.138,3.8054,0
vSIDM,1.0,64177,9.795,3.8018,0
CDM,2.0,18131,10.790,3.7979,0
SIDM1,2.0,39609,9.923,3.7956,0
vSIDM,1.0,50723,10.338,3.7954,0
SIDM1,2.0,35619,10.134,3.7945,0
vSIDM,0.5,72293,9.856,3.7900,0
vSIDM,2.0,41479,9.865,3.7900,0
vSIDM,1.0,49458,10.367,3.7894,0
SIDM1,2.0,35331,9.838,3.7891,0
vSIDM,1.0,33664,10.782,3.7889,0
vSIDM,1.0,49734,10.348,3.7881,0
vSIDM,1.0,55757,10.246,3.7879,0
CDM,0.5,70127,10.401,3.7876,0
vSIDM,1.0,65413,10.107,3.7865,0
SIDM1,1.0,57364,10.088,3.7857,0
SIDM1,3.0,20839,9.969,3.7854,0
SIDM1,1.0,69570,9.764,3.7851,0
vSIDM,2.0,26620,10.168,3.7844,0
vSIDM,2.0,14286,10.865,3.7835,0
SIDM1,2.0,21717,10.070,3.7817,0
CDM,1.0,45581,10.225,3.7813,0
SIDM1,0.5,82635,10.132,3.7788,0
vSIDM,1.0,72956,9.754,3.7785,0
SIDM1,0.5,77418,10.271,3.7742,0
SIDM1,2.0,38377,9.837,3.7720,0
vSIDM,2.0,38843,9.797,3.7710,0
SIDM1,1.0,29598,11.052,3.7696,0
vSIDM,2.0,18397,10.651,3.7687,0
vSIDM,1.0,56936,10.049,3.7682,0
vSIDM,0.5,70896,10.457,3.7671,0
vSIDM,1.0,35017,10.699,3.7657,0
SIDM1,2.0,35488,9.967,3.7643,0
CDM,1.0,45437,10.702,3.7636,0
CDM,2.0,29759,10.309,3.7581,0
SIDM1,1.0,50112,10.615,3.7565,0
CDM,1.0,46836,10.533,3.7528,0
SIDM1,1.0,58914,10.247,3.7514,0
SIDM1,2.0,36028,10.002,3.7495,0
SIDM1,1.0,65575,10.029,3.7477,0
SIDM1,2.0,26256,10.094,3.7441,0
CDM,2.0,37287,9.886,3.7431,0
vSIDM,2.0,33343,10.123,3.7422,0
vSIDM,1.0,44160,10.224,3.7417,0
vSIDM,0.5,24064,11.169,3.7405,0
SIDM1,2.0,20347,10.683,3.7397,0
vSIDM,1.0,58334,10.270,3.7388,0
SIDM1,0.5,70984,10.448,3.7353,0
vSIDM,2.0,36940,9.849,3.7348,0
SIDM1,2.0,18594,10.787,3.7348,0
SIDM1,1.0,56465,10.360,3.7347,0
CDM,2.0,34170,9.901,3.7336,0
SIDM1,2.0,34544,10.071,3.7333,0
SIDM1,0.5,73924,10.392,3.7281,0
SIDM1,2.0,31878,10.147,3.7240,0
SIDM1,2.0,37763,9.924,3.7191,0
vSIDM,1.0,37016,10.953,3.7189,0
SIDM1,1.0,43779,10.560,3.7188,0
SIDM1,2.0,41177,10.028,3.7180,0
CDM,2.0,33063,10.136,3.7169,0
SIDM1,2.0,30188,10.385,3.7163,0
SIDM1,2.0,34021,9.894,3.7153,0
CDM,1.0,43394,10.771,3.7141,0
CDM,2.0,45863,9.796,3.7133,0
SIDM1,1.0,74488,9.796,3.7122,0
vSIDM,0.5,68789,10.209,3.7118,0
vSIDM,1.0,58624,10.010,3.7112,0
SIDM1,1.0,52342,10.287,3.7099,0
vSIDM,2.0,38130,9.875,3.7070,0
vSIDM,1.0,67165,9.845,3.7006,0
vSIDM,2.0,25437,10.270,3.6989,0
vSIDM,1.0,49964,10.611,3.6976,0
vSIDM,2.0,16266,10.542,3.6953,0
CDM,2.0,16752,10.575,3.6953,0
vSIDM,0.5,70047,10.361,3.6952,0
CDM,1.0,67865,10.164,3.6942,0
SIDM1,2.0,29697,10.258,3.6925,0
vSIDM,0.5,78503,9.830,3.6909,0
CDM,2.0,46703,9.780,3.6903,0
CDM,1.0,49102,10.681,3.6891,0
vSIDM,0.5,54234,10.686,3.6863,0
vSIDM,0.5,79650,9.974,3.6853,0
SIDM1,1.0,53964,10.303,3.6831,0
CDM,0.5,65147,10.456,3.6828,0
CDM,3.0,17185,10.001,3.6819,0
CDM,1.0,67775,9.916,3.6811,0
SIDM1,2.0,44343,9.868,3.6805,0
CDM,1.0,70917,9.765,3.6795,0
CDM,1.0,72014,9.915,3.6787,0
CDM,0.5,69824,10.142,3.6769,0
CDM,1.0,54166,10.710,3.6730,0
CDM,1.0,55356,10.027,3.6727,0
vSIDM,1.0,64429,10.233,3.6718,0
SIDM1,1.0,41070,10.514,3.6715,0
vSIDM,1.0,68351,10.165,3.6713,0
CDM,2.0,35585,9.991,3.6706,0
SIDM1,2.0,41106,9.817,3.6702,0
vSIDM,3.0,15672,9.953,3.6693,0
vSIDM,2.0,28657,9.875,3.6658,0
vSIDM,0.5,70544,10.323,3.6650,0
vSIDM,1.0,64274,9.912,3.6636,0
vSIDM,1.0,27554,10.973,3.6634,0
SIDM1,1.0,53439,10.408,3.6596,0
SIDM1,1.0,34267,10.748,3.6561,0
SIDM1,1.0,62890,10.358,3.6548,0
vSIDM,0.5,48436,10.777,3.6526,0
vSIDM,2.0,30838,9.887,3.6481,0
CDM,1.0,41396,10.803,3.6480,0
CDM,1.0,48195,10.787,3.6477,0
vSIDM,0.5,74177,10.217,3.6475,0
vSIDM,2.0,29710,9.986,3.6467,0
vSIDM,2.0,34461,9.947,3.6461,0
vSIDM,1.0,68469,9.817,3.6445,0
SIDM1,2.0,29650,10.402,3.6431,0
CDM,2.0,43899,9.760,3.6426,0
SIDM1,2.0,33042,10.085,3.6418,0
SIDM1,1.0,66257,9.839,3.6411,0
vSIDM,1.0,57324,10.131,3.6408,0
CDM,1.0,58552,10.247,3.6401,0
CDM,1.0,47474,10.288,3.6394,0
CDM,2.0,23625,10.372,3.6385,0
SIDM1,1.0,54408,10.151,3.6382,0
vSIDM,1.0,38405,10.288,3.6366,0
CDM,1.0,60258,10.147,3.6361,0
SIDM1,1.0,58596,10.077,3.6327,0
SIDM1,0.5,57572,10.755,3.6299,0
SIDM1,1.0,55612,10.294,3.6299,0
vSIDM,1.0,25006,11.022,3.6291,0
CDM,0.5,73414,10.316,3.6289,0
SIDM1,3.0,9329,10.474,3.6278,0
vSIDM,0.5,76505,9.892,3.6275,0
CDM,0.5,67361,10.486,3.6261,0
CDM,2.0,34381,10.095,3.6251,0
CDM,0.5,60668,10.845,3.6195,0
SIDM1,2.0,24382,10.071,3.6194,0
SIDM1,1.0,49435,10.520,3.6183,0
vSIDM,2.0,31380,10.055,3.6170,0
vSIDM,2.0,35059,9.910,3.6168,0
CDM,0.5,76881,10.293,3.6168,0
SIDM1,2.0,28812,10.427,3.6140,0
SIDM1,2.0,13826,10.708,3.6137,0
SIDM1,2.0,31551,10.127,3.6136,0
CDM,2.0,24468,9.915,3.6113,0
vSIDM,1.0,53668,10.129,3.6088,0
SIDM1,1.0,46008,10.291,3.6063,0
SIDM1,2.0,41968,9.821,3.6056,0
SIDM1,2.0,16775,10.780,3.6052,0
SIDM1,0.5,73859,10.475,3.6051,0
SIDM1,2.0,35803,10.018,3.6049,0
vSIDM,0.5,69654,10.548,3.6044,0
vSIDM,1.0,67665,10.026,3.6010,0
vSIDM,0.5,76682,10.111,3.5997,0
vSIDM,1.0,61077,10.125,3.5992,0
CDM,0.5,68218,10.522,3.5973,0
SIDM1,0.5,91325,9.894,3.5968,0
SIDM1,2.0,30408,10.287,3.5948,0
vSIDM,0.5,58412,10.752,3.5943,0
CDM,2.0,28353,10.117,3.5939,0
vSIDM,3.0,9636,10.456,3.5895,0
SIDM1,1.0,31340,10.995,3.5886,0
vSIDM,0.5,69123,10.384,3.5876,0
CDM,0.5,80658,10.218,3.5861,0
CDM,1.0,47366,10.120,3.5861,0
SIDM1,2.0,37393,9.748,3.5835,0
CDM,2.0,33350,9.906,3.5824,0
CDM,2.0,39249,9.798,3.5791,0
vSIDM,2.0,28741,10.324,3.5776,0
SIDM1,2.0,27350,10.201,3.5764,0
vSIDM,1.0,54663,10.086,3.5762,0
vSIDM,0.5,65808,10.489,3.5758,0
SIDM1,1.0,75912,9.788,3.5748,0
SIDM1,3.0,13872,10.085,3.5742,0
SIDM1,1.0,65463,9.837,3.5739,0
vSIDM,2.0,23239,10.522,3.5733,0
SIDM1,1.0,67198,10.250,3.5693,0
CDM,3.0,14226,9.971,3.5684,0
CDM,1.0,72736,10.093,3.5676,0
CDM,1.0,59815,9.883,3.5669,0
vSIDM,2.0,33036,9.853,3.5611,0
vSIDM,2.0,27140,10.233,3.5607,0
vSIDM,2.0,28018,10.257,3.5591,0
vSIDM,2.0,37179,9.893,3.5590,0
vSIDM,2.0,30999,10.315,3.5586,0
SIDM1,2.0,38736,9.973,3.5565,0
vSIDM,1.0,56802,10.199,3.5560,0
SIDM1,1.0,47781,10.203,3.5551,0
CDM,1.0,63988,9.905,3.5541,0
CDM,2.0,28034,10.141,3.5541,0
vSIDM,2.0,29474,10.148,3.5526,0
SIDM1,1.0,51313,10.630,3.5523,0
SIDM1,0.5,62808,10.779,3.5510,0
vSIDM,0.5,70837,10.532,3.5502,0
CDM,0.5,84059,10.160,3.5484,0
vSIDM,1.0,57818,9.967,3.5466,0
SIDM1,0.5,73771,10.178,3.5419,0
SIDM1,1.0,60276,9.882,3.5418,0
CDM,1.0,51932,10.355,3.5413,0
CDM,3.0,17529,9.887,3.5401,0
CDM,1.0,57891,10.057,3.5386,0
CDM,2.0,33659,10.084,3.5366,0
CDM,0.5,59330,10.794,3.5349,0
vSIDM,2.0,18959,9.898,3.5327,0
CDM,1.0,60782,10.352,3.5315,0
vSIDM,1.0,35831,10.801,3.5313,0
SIDM1,0.5,81833,10.049,3.5302,0
SIDM1,1.0,77577,9.733,3.5297,0
CDM,2.0,29511,10.448,3.5288,0
vSIDM,1.0,58888,10.040,3.5284,0
SIDM1,2.0,34369,10.125,3.5272,0
CDM,0.5,61751,10.734,3.5271,0
SIDM1,1.0,58465,10.304,3.5264,0
SIDM1,1.0,55931,10.444,3.5254,0
SIDM1,2.0,44552,9.762,3.5236,0
SIDM1,2.0,39582,9.899,3.5229,0
vSIDM,0.5,78397,10.061,3.5207,0
vSIDM,1.0,64452,9.716,3.5200,0
vSIDM,2.0,39770,9.915,3.5186,0
SIDM1,3.0,9765,10.561,3.5158,0
vSIDM,1.0,46072,10.496,3.5141,0
SIDM1,2.0,46611,9.826,3.5136,0
SIDM1,0.5,74944,10.439,3.5120,0
SIDM1,0.5,64951,10.312,3.5111,0
vSIDM,0.5,60669,10.496,3.5108,0
vSIDM,0.5,78777,10.164,3.5105,0
CDM,1.0,60664,9.739,3.5105,0
vSIDM,1.0,61005,10.074,3.5104,0
vSIDM,0.5,69034,10.291,3.5100,0
vSIDM,1.0,59334,10.228,3.5080,0
SIDM1,0.5,79420,10.259,3.5071,0
vSIDM,3.0,13663,10.276,3.5070,0
CDM,2.0,22683,10.329,3.5055,0
vSIDM,0.5,70757,10.244,3.5050,0
CDM,2.0,31314,10.233,3.5036,0
CDM,1.0,47080,10.584,3.5031,0
vSIDM,1.0,35609,10.714,3.5014,0
vSIDM,0.5,78297,9.790,3.5002,0
SIDM1,1.0,58963,10.376,3.4997,0
SIDM1,1.0,65818,10.157,3.4997,0
vSIDM,0.5,84978,9.801,3.4997,0
SIDM1,0.5,70599,10.305,3.4989,0
SIDM1,1.0,43069,10.709,3.4984,0
vSIDM,3.0,17939,10.031,3.4972,0
vSIDM,2.0,28314,10.396,3.4963,0
SIDM1,1.0,69820,9.886,3.4962,0
vSIDM,1.0,49388,10.571,3.4956,0
SIDM1,1.0,39949,10.370,3.4954,0
CDM,2.0,23147,9.932,3.4950,0
CDM,2.0,39930,9.800,3.4945,0
SIDM1,0.5,71454,10.598,3.4942,0
vSIDM,1.0,59835,10.166,3.4935,0
CDM,1.0,66032,10.276,3.4930,0
SIDM1,2.0,32994,10.115,3.4929,0
SIDM1,1.0,63773,10.313,3.4928,0
SIDM1,0.5,75938,10.109,3.4919,0
CDM,1.0,56192,10.531,3.4919,0
vSIDM,2.0,32475,9.841,3.4902,0
vSIDM,0.5,38640,10.997,3.4898,0
SIDM1,0.5,75701,10.251,3.4889,0
SIDM1,1.0,67421,9.834,3.4884,0
vSIDM,0.5,65972,10.553,3.4866,0
vSIDM,1.0,55253,10.374,3.4862,0
SIDM1,2.0,30808,10.193,3.4858,0
CDM,0.5,76562,10.583,3.4857,0
SIDM1,1.0,62384,10.192,3.4856,0
vSIDM,1.0,45794,10.580,3.4852,0
CDM,0.5,69893,10.644,3.4851,0
SIDM1,0.5,61393,10.340,3.4845,0
SIDM1,1.0,69413,10.091,3.4842,0
SIDM1,1.0,68725,10.006,3.4831,0
CDM,0.5,70727,10.475,3.4821,0
SIDM1,2.0,24998,10.326,3.4811,0
SIDM1,1.0,55207,10.328,3.4802,0
CDM,2.0,35635,9.936,3.4791,0
SIDM1,1.0,64340,10.252,3.4789,0
SIDM1,1.0,67468,10.078,3.4768,0
CDM,0.5,68816,10.530,3.4762,0
SIDM1,2.0,41082,10.035,3.4751,0
vSIDM,1.0,70666,9.982,3.4746,0
SIDM1,1.0,51968,10.650,3.4741,0
SIDM1,1.0,53109,10.445,3.4740,0
SIDM1,0.5,68169,10.687,3.4727,0
CDM,1.0,55506,10.197,3.4719,0
CDM,1.0,41674,10.948,3.4700,0
SIDM1,3.0,11931,10.475,3.4694,0
SIDM1,2.0,39764,9.892,3.4685,0
CDM,3.0,21164,9.835,3.4685,0
vSIDM,2.0,31084,9.919,3.4673,0
vSIDM,2.0,22367,10.647,3.4647,0
CDM,0.5,79670,10.029,3.4642,0
vSIDM,2.0,28343,9.920,3.4636,0
CDM,2.0,24844,10.622,3.4635,0
vSIDM,2.0,41888,9.928,3.4627,0
CDM,1.0,60319,9.934,3.4618,0
SIDM1,1.0,66792,9.767,3.4616,0
vSIDM,2.0,36078,9.918,3.4613,0
vSIDM,0.5,77842,10.222,3.4594,0
CDM,1.0,62365,10.113,3.4593,0
CDM,2.0,42306,9.823,3.4580,0
CDM,1.0,70574,9.950,3.4578,0
vSIDM,1.0,61959,10.046,3.4552,0
CDM,1.0,33145,10.807,3.4547,0
CDM,1.0,66004,10.074,3.4540,0
SIDM1,2.0,45696,9.787,3.4532,0
SIDM1,1.0,51599,10.553,3.4526,0
CDM,1.0,44841,10.746,3.4507,0
vSIDM,1.0,52463,10.530,3.4480,0
SIDM1,1.0,66122,9.820,3.4480,0
vSIDM,1.0,53570,10.440,3.4478,0
vSIDM,1.0,63278,9.878,3.4477,0
CDM,1.0,48497,10.530,3.4458,0
CDM,1.0,43054,10.941,3.4448,0
CDM,1.0,71001,9.987,3.4421,0
CDM,1.0,40470,10.576,3.4407,0
CDM,0.5,72290,10.455,3.4403,0
CDM,0.5,62557,10.817,3.4395,0
vSIDM,1.0,31984,10.482,3.4394,0
SIDM1,1.0,73601,9.741,3.4394,0
SIDM1,1.0,54483,10.641,3.4379,0
vSIDM,1.0,56346,10.389,3.4374,0
SIDM1,1.0,67161,10.121,3.4357,0
CDM,0.5,82068,10.267,3.4342,0
SIDM1,0.5,62182,10.626,3.4321,0
vSIDM,3.0,10836,10.452,3.4310,0
vSIDM,1.0,60664,10.085,3.4309,0
CDM,1.0,60499,10.298,3.4302,0
vSIDM,3.0,13569,10.071,3.4301,0
vSIDM,1.0,54945,10.143,3.4297,0
SIDM1,1.0,54032,10.128,3.4243,0
CDM,2.0,30945,9.914,3.4224,0
CDM,1.0,44071,10.722,3.4222,0
SIDM1,1.0,69540,9.883,3.4198,0
SIDM1,2.0,38206,9.899,3.4161,0
SIDM1,1.0,59341,10.399,3.4142,0
vSIDM,1.0,54213,10.345,3.4142,0
CDM,0.5,85152,9.976,3.4139,0
vSIDM,1.0,24306,11.390,3.4120,0
CDM,1.0,47893,10.716,3.4118,0
vSIDM,1.0,51789,10.059,3.4110,0
vSIDM,0.5,27542,11.523,3.4089,0
vSIDM,2.0,12232,10.715,3.4077,0
vSIDM,1.0,40668,10.692,3.4076,0
CDM,1.0,48916,10.584,3.4064,0
vSIDM,2.0,37134,9.832,3.4060,0
SIDM1,2.0,24208,9.965,3.4032,0
vSIDM,2.0,38595,9.969,3.4018,0
CDM,1.0,63261,10.145,3.4016,0
SIDM1,2.0,4936,11.203,3.3982,0
vSIDM,1.0,59430,10.299,3.3974,0
vSIDM,1.0,58481,9.794,3.3954,0
vSIDM,2.0,32665,9.999,3.3931,0
vSIDM,2.0,28763,10.221,3.3917,0
SIDM1,0.5,85436,10.136,3.3908,0
CDM,2.0,43846,9.906,3.3906,0
vSIDM,2.0,38959,9.869,3.3888,0
vSIDM,2.0,34650,9.956,3.3843,0
SIDM1,2.0,30064,10.231,3.3837,0
SIDM1,1.0,59643,10.091,3.3830,0
SIDM1,1.0,70256,9.875,3.3826,0
vSIDM,1.0,52641,10.382,3.3823,0
vSIDM,3.0,4042,10.949,3.3820,0
CDM,1.0,57144,10.375,3.3809,0
SIDM1,1.0,77527,9.758,3.3805,0
vSIDM,1.0,59195,10.146,3.3781,0
SIDM1,2.0,44580,9.776,3.3777,0
CDM,1.0,55904,10.170,3.3775,0
CDM,1.0,73234,10.069,3.3774,0
vSIDM,1.0,45721,10.845,3.3762,0
SIDM1,1.0,60530,10.270,3.3756,0
vSIDM,2.0,29999,10.032,3.3752,0
vSIDM,1.0,67602,9.981,3.3750,0
CDM,0.5,76023,10.195,3.3746,0
SIDM1,1.0,51885,10.510,3.3743,0
CDM,1.0,67699,9.756,3.3730,0
SIDM1,1.0,72686,10.098,3.3688,0
SIDM1,1.0,42390,10.563,3.3668,0
SIDM1,2.0,38109,9.803,3.3643,0
CDM,1.0,63384,10.216,3.3639,0
vSIDM,0.5,46302,10.632,3.3629,0
SIDM1,0.5,91492,9.858,3.3603,0
vSIDM,0.5,66806,10.630,3.3602,0
vSIDM,2.0,31044,10.085,3.3600,0
CDM,2.0,32101,10.203,3.3590,0
CDM,1.0,59323,10.031,3.3581,0
SIDM1,1.0,60868,10.058,3.3572,0
SIDM1,2.0,25678,10.400,3.3564,0
vSIDM,0.5,73028,10.002,3.3516,0
SIDM1,1.0,51231,10.241,3.3503,0
SIDM1,1.0,53898,10.487,3.3478,0
SIDM1,2.0,25296,9.953,3.3470,0
SIDM1,2.0,33681,10.205,3.3470,0
vSIDM,0.5,44954,10.955,3.3416,0
CDM,1.0,41226,10.563,3.3414,0
vSIDM,1.0,57013,10.253,3.3401,0
vSIDM,1.0,63421,9.922,3.3395,0
SIDM1,2.0,45157,9.757,3.3387,0
SIDM1,1.0,61295,10.298,3.3382,0
CDM,1.0,47610,10.749,3.3380,0
CDM,2.0,30223,10.029,3.3378,0
vSIDM,0.5,61111,10.568,3.3378,0
vSIDM,0.5,62871,10.412,3.3375,0
vSIDM,1.0,45615,10.478,3.3361,0
CDM,1.0,48270,10.314,3.3345,0
vSIDM,2.0,14896,10.724,3.3328,0
vSIDM,0.5,65063,10.762,3.3328,0
vSIDM,2.0,32049,10.095,3.3325,0
CDM,1.0,49822,10.378,3.3324,0
SIDM1,2.0,29866,10.212,3.3322,0
SIDM1,2.0,7621,11.372,3.3321,0
CDM,1.0,51785,10.555,3.3312,0
vSIDM,1.0,40381,10.676,3.3301,0
vSIDM,0.5,72975,10.357,3.3290,0
vSIDM,1.0,42291,10.611,3.3289,0
vSIDM,1.0,54786,10.469,3.3281,0
SIDM1,2.0,21944,10.390,3.3280,0
vSIDM,0.5,71943,10.062,3.3274,0
vSIDM,1.0,57275,10.342,3.3264,0
vSIDM,2.0,27510,10.391,3.3261,0
vSIDM,1.0,68710,9.858,3.3254,0
SIDM1,1.0,59193,9.927,3.3250,0
CDM,2.0,37363,9.953,3.3248,0
vSIDM,1.0,62121,10.145,3.3226,0
vSIDM,1.0,38987,10.565,3.3218,0
SIDM1,1.0,51051,10.210,3.3214,0
vSIDM,1.0,51499,10.391,3.3207,0
CDM,1.0,50554,10.622,3.3189,0
vSIDM,0.5,81438,9.997,3.3184,0
SIDM1,1.0,58845,10.037,3.3173,0
vSIDM,1.0,47619,10.482,3.3171,0
SIDM1,0.5,65193,10.763,3.3154,0
vSIDM,2.0,32789,10.002,3.3153,0
vSIDM,0.5,59836,10.765,3.3145,0
CDM,2.0,19788,10.048,3.3120,0
vSIDM,1.0,56198,10.281,3.3120,0
SIDM1,2.0,33911,9.832,3.3107,0
vSIDM,0.5,85461,9.938,3.3095,0
vSIDM,0.5,45211,10.995,3.3084,0
CDM,0.5,78328,10.458,3.3070,0
SIDM1,1.0,67065,9.943,3.3067,0
vSIDM,0.5,81693,10.239,3.3060,0
CDM,1.0,65932,10.014,3.3057,0
CDM,1.0,36740,10.896,3.3054,0
SIDM1,2.0,41375,9.773,3.3049,0
SIDM1,1.0,58099,10.173,3.3045,0
vSIDM,3.0,13697,9.955,3.3039,0
CDM,1.0,48861,10.771,3.3025,0
CDM,2.0,23361,10.466,3.3024,0
vSIDM,1.0,40540,10.419,3.3024,0
SIDM1,1.0,59452,9.944,3.3013,0
vSIDM,0.5,64381,10.727,3.3000,0
SIDM1,2.0,20436,10.586,3.2998,0
vSIDM,0.5,53592,10.991,3.2997,0
CDM,2.0,38721,9.810,3.2969,0
vSIDM,1.0,64059,9.838,3.2969,0
vSIDM,2.0,24954,10.130,3.2957,0
SIDM1,1.0,31009,10.807,3.2953,0
SIDM1,0.5,79665,9.753,3.2933,0
SIDM1,0.5,72313,10.500,3.2911,0
vSIDM,0.5,59440,10.603,3.2882,0
SIDM1,1.0,68098,9.761,3.2882,0
SIDM1,1.0,65029,10.137,3.2855,0
SIDM1,2.0,47965,9.825,3.2827,0
vSIDM,0.5,56666,10.890,3.2825,0
SIDM1,1.0,43369,10.510,3.2822,0
CDM,0.5,49486,10.886,3.2805,0
CDM,1.0,64355,10.360,3.2783,0
vSIDM,1.0,51008,10.216,3.2767,0
SIDM1,0.5,80138,9.950,3.2764,0
CDM,0.5,75099,10.393,3.2742,0
vSIDM,0.5,81085,10.060,3.2741,0
CDM,2.0,14469,10.917,3.2720,0
CDM,0.5,71309,10.443,3.2712,0
SIDM1,2.0,41141,9.810,3.2697,0
SIDM1,2.0,45065,9.935,3.2685,0
CDM,0.5,81747,10.106,3.2683,0
vSIDM,2.0,23854,10.023,3.2681,0
SIDM1,1.0,54181,10.514,3.2666,0
CDM,1.0,58703,10.266,3.2655,0
CDM,0.5,76671,9.966,3.2620,0
CDM,0.5,71807,10.624,3.2611,0
vSIDM,1.0,43587,10.925,3.2608,0
CDM,1.0,62763,10.117,3.2604,0
CDM,2.0,37121,10.178,3.2603,0
CDM,0.5,81866,10.276,3.2600,0
SIDM1,2.0,32488,9.966,3.2581,0
vSIDM,0.5,66105,10.584,3.2572,0
SIDM1,0.5,86498,9.763,3.2570,0
SIDM1,0.5,76840,10.379,3.2570,0
SIDM1,0.5,79194,10.335,3.2525,0
SIDM1,0.5,71348,10.608,3.2498,0
SIDM1,3.0,23298,9.995,3.2492,0
SIDM1,1.0,68068,9.763,3.2466,0
vSIDM,1.0,72755,9.750,3.2460,0
CDM,1.0,68478,9.845,3.2444,0
SIDM1,0.5,85788,9.720,3.2439,0
CDM,0.5,86002,10.072,3.2432,0
CDM,2.0,39093,9.830,3.2432,0
vSIDM,1.0,48850,10.645,3.2424,0
vSIDM,2.0,37252,9.782,3.2423,0
CDM,2.0,35761,10.102,3.2402,0
vSIDM,1.0,71947,9.824,3.2402,0
CDM,2.0,32657,10.238,3.2402,0
vSIDM,3.0,15252,9.925,3.2389,0
vSIDM,1.0,62984,10.088,3.2356,0
vSIDM,1.0,52136,10.348,3.2328,0
vSIDM,0.5,63178,10.071,3.2327,0
vSIDM,1.0,59882,9.968,3.2321,0
SIDM1,1.0,73164,9.953,3.2317,0
CDM,1.0,55088,9.787,3.2316,0
SIDM1,0.5,48441,10.786,3.2315,0
SIDM1,1.0,42060,10.841,3.2287,0
CDM,0.5,54929,10.919,3.2287,0
CDM,0.5,83033,10.209,3.2270,0
CDM,0.5,90826,9.768,3.2258,0
SIDM1,1.0,73711,9.933,3.2244,0
SIDM1,1.0,55017,10.555,3.2228,0
SIDM1,3.0,20727,9.956,3.2148,0
SIDM1,3.0,20548,9.841,3.2099,0
CDM,0.5,46653,11.058,3.2070,0
SIDM1,1.0,56228,10.446,3.2039,0
CDM,1.0,58394,10.062,3.2009,0
SIDM1,1.0,52240,10.184,3.1999,0
CDM,1.0,61900,10.351,3.1986,0
CDM,0.5,64398,10.631,3.1981,0
vSIDM,1.0,53203,10.622,3.1977,0
SIDM1,2.0,35584,9.962,3.1971,0
CDM,1.0,54451,10.371,3.1962,0
CDM,1.0,64961,10.185,3.1962,0
CDM,1.0,64991,9.988,3.1947,0
vSIDM,1.0,66208,9.846,3.1886,0
CDM,1.0,62720,10.272,3.1872,0
CDM,1.0,64724,10.105,3.1865,0
vSIDM,1.0,61202,10.089,3.1860,0
CDM,0.5,77583,10.163,3.1847,0
CDM,1.0,44328,10.932,3.1827,0
vSIDM,1.0,42503,10.494,3.1822,0
vSIDM,2.0,21327,10.052,3.1807,0
CDM,2.0,42582,9.758,3.1805,0
SIDM1,0.5,83009,10.105,3.1797,0
vSIDM,1.0,54974,10.347,3.1792,0
CDM,1.0,57743,9.899,3.1784,0
CDM,0.5,77541,10.137,3.1767,0
SIDM1,1.0,55755,10.295,3.1751,0
vSIDM,1.0,54574,10.016,3.1737,0
vSIDM,0.5,65908,10.464,3.1718,0
SIDM1,0.5,74591,10.170,3.1717,0
SIDM1,0.5,59539,10.740,3.1703,0
CDM,1.0,47682,10.338,3.1694,0
CDM,1.0,58442,10.481,3.1693,0
vSIDM,1.0,55204,10.384,3.1690,0
CDM,1.0,62813,10.295,3.1686,0
SIDM1,0.5,73233,10.357,3.1664,0
vSIDM,2.0,32007,9.812,3.1657,0
vSIDM,1.0,55514,10.236,3.1657,0
CDM,1.0,68158,10.016,3.1640,0
CDM,0.5,83990,10.132,3.1620,0
SIDM1,2.0,41511,10.036,3.1603,0
SIDM1,1.0,66293,10.001,3.1602,0
vSIDM,1.0,45145,10.604,3.1597,0
CDM,1.0,46941,10.404,3.1596,0
SIDM1,1.0,49577,10.696,3.1589,0
CDM,1.0,61951,10.283,3.1578,0
vSIDM,0.5,61836,10.695,3.1563,0
vSIDM,1.0,50525,9.922,3.1554,0
vSIDM,0.5,68990,10.576,3.1553,0
vSIDM,2.0,13493,10.823,3.1549,0
vSIDM,1.0,68684,9.837,3.1542,0
vSIDM,0.5,71902,10.468,3.1539,0
CDM,1.0,48611,10.536,3.1528,0
CDM,1.0,70947,9.974,3.1524,0
vSIDM,1.0,63627,10.074,3.1518,0
CDM,1.0,29783,11.036,3.1504,0
vSIDM,1.0,69498,9.871,3.1504,0
SIDM1,0.5,82989,10.160,3.1502,0
SIDM1,1.0,59384,10.237,3.1486,0
vSIDM,0.5,70389,10.240,3.1477,0
vSIDM,2.0,45452,9.765,3.1474,0
vSIDM,0.5,76563,10.308,3.1457,0
CDM,1.0,49627,10.613,3.1451,0
vSIDM,3.0,5022,10.599,3.1444,0
CDM,0.5,50309,10.700,3.1442,0
SIDM1,1.0,55999,10.545,3.1433,0
SIDM1,0.5,81470,10.350,3.1426,0
SIDM1,1.0,70105,9.833,3.1415,0
CDM,0.5,75352,10.043,3.1409,0
SIDM1,1.0,70441,9.776,3.1377,0
SIDM1,1.0,63969,10.227,3.1376,0
SIDM1,1.0,60631,10.361,3.1363,0
vSIDM,1.0,63778,10.055,3.1357,0
CDM,1.0,65513,9.948,3.1357,0
SIDM1,2.0,33790,10.328,3.1355,0
SIDM1,0.5,84853,10.012,3.1349,0
SIDM1,2.0,42742,9.982,3.1347,0
SIDM1,2.0,22527,10.260,3.1344,0
SIDM1,0.5,74667,10.379,3.1321,0
vSIDM,1.0,50858,10.255,3.1320,0
vSIDM,0.5,80218,9.966,3.1314,0
CDM,1.0,57476,10.334,3.1295,0
SIDM1,0.5,58549,10.708,3.1286,0
vSIDM,1.0,56020,10.201,3.1237,0
SIDM1,1.0,56834,10.151,3.1228,0
SIDM1,1.0,69166,9.961,3.1219,0
SIDM1,1.0,54333,10.059,3.1213,0
vSIDM,1.0,66620,9.774,3.1200,0
SIDM1,1.0,71504,10.123,3.1197,0
CDM,1.0,35094,10.656,3.1184,0
SIDM1,1.0,68414,9.968,3.1175,0
SIDM1,0.5,86140,10.270,3.1170,0
CDM,1.0,58942,10.266,3.1153,0
SIDM1,1.0,63325,9.794,3.1146,0
SIDM1,0.5,69188,10.662,3.1134,0
CDM,0.5,59683,10.828,3.1122,0
vSIDM,2.0,33379,9.767,3.1103,0
SIDM1,0.5,84046,9.959,3.1096,0
CDM,0.5,88238,10.102,3.1093,0
SIDM1,0.5,76671,10.495,3.1080,0
vSIDM,1.0,72524,9.718,3.1078,0
SIDM1,1.0,66966,10.099,3.1070,0
SIDM1,1.0,69752,9.771,3.1067,0
vSIDM,0.5,66261,10.195,3.1056,0
vSIDM,1.0,50139,10.587,3.1047,0
SIDM1,1.0,71242,9.768,3.1041,0
vSIDM,1.0,39984,10.561,3.1025,0
SIDM1,1.0,70492,9.915,3.1023,0
CDM,1.0,60540,10.429,3.1014,0
SIDM1,1.0,54933,10.437,3.0995,0
SIDM1,2.0,29096,10.373,3.0995,0
SIDM1,1.0,51702,10.529,3.0974,0
vSIDM,1.0,56138,10.289,3.0972,0
CDM,1.0,71306,9.880,3.0971,0
SIDM1,1.0,64526,10.126,3.0967,0
CDM,1.0,61346,10.166,3.0961,0
SIDM1,2.0,44980,9.809,3.0961,0
CDM,0.5,72377,10.627,3.0952,0
vSIDM,0.5,63737,10.611,3.0933,0
CDM,0.5,77323,10.231,3.0922,0
SIDM1,1.0,52852,10.369,3.0913,0
CDM,1.0,61447,9.828,3.0911,0
CDM,1.0,44445,10.508,3.0907,0
CDM,1.0,69921,10.061,3.0903,0
CDM,0.5,57440,10.594,3.0902,0
SIDM1,1.0,55271,10.352,3.0893,0
CDM,0.5,71186,10.226,3.0890,0
SIDM1,3.0,23138,9.870,3.0885,0
CDM,0.5,84654,9.918,3.0880,0
vSIDM,0.5,68382,10.400,3.0870,0
CDM,1.0,40632,10.576,3.0865,0
vSIDM,1.0,31723,10.792,3.0857,0
vSIDM,0.5,58159,10.879,3.0849,0
SIDM1,2.0,9445,11.043,3.0841,0
CDM,0.5,76974,10.146,3.0824,0
vSIDM,1.0,32440,10.846,3.0803,0
CDM,1.0,72224,9.976,3.0801,0
CDM,0.5,81298,10.134,3.0798,0
SIDM1,0.5,82588,10.055,3.0797,0
CDM,0.5,86730,9.740,3.0763,0
vSIDM,1.0,47528,10.656,3.0752,0
vSIDM,1.0,65547,9.832,3.0728,0
CDM,1.0,50740,10.643,3.0711,0
CDM,0.5,70487,9.883,3.0689,0
SIDM1,0.5,79488,9.807,3.0675,0
vSIDM,0.5,73456,10.169,3.0674,0
CDM,0.5,65872,10.744,3.0657,0
SIDM1,1.0,36755,10.718,3.0645,0
vSIDM,2.0,19686,10.530,3.0640,0
SIDM1,1.0,65628,10.090,3.0632,0
vSIDM,0.5,65634,10.673,3.0630,0
CDM,1.0,64698,10.071,3.0616,0
SIDM1,0.5,83949,9.813,3.0615,0
vSIDM,0.5,73719,10.354,3.0606,0
CDM,0.5,82331,10.289,3.0588,0
vSIDM,0.5,62562,10.781,3.0581,0
SIDM1,0.5,78784,10.324,3.0565,0
vSIDM,1.0,49868,10.634,3.0559,0
CDM,1.0,33659,10.845,3.0557,0
SIDM1,2.0,19602,10.125,3.0556,0
SIDM1,2.0,42788,9.910,3.0549,0
SIDM1,1.0,66844,9.989,3.0544,0
CDM,2.0,37940,9.904,3.0534,0
vSIDM,1.0,58663,10.145,3.0523,0
SIDM1,2.0,25479,10.084,3.0511,0
vSIDM,1.0,60945,9.917,3.0511,0
vSIDM,1.0,56766,10.374,3.0509,0
SIDM1,0.5,55783,11.040,3.0497,0
CDM,1.0,62408,10.149,3.0493,0
vSIDM,1.0,70889,9.918,3.0481,0
vSIDM,2.0,23087,10.566,3.0465,0
CDM,2.0,22427,9.964,3.0444,0
vSIDM,1.0,63811,10.126,3.0431,0
vSIDM,1.0,56552,10.125,3.0431,0
vSIDM,1.0,31256,10.996,3.0430,0
SIDM1,1.0,62443,9.870,3.0424,0
CDM,1.0,69839,9.851,3.0414,0
vSIDM,1.0,59267,10.091,3.0410,0
SIDM1,0.5,88477,9.849,3.0398,0
CDM,1.0,58826,10.288,3.0398,0
CDM,1.0,54858,10.290,3.0374,0
vSIDM,1.0,65989,9.860,3.0369,0
vSIDM,2.0,37524,9.762,3.0365,0
SIDM1,1.0,50300,10.670,3.0357,0
SIDM1,2.0,37632,9.947,3.0354,0
vSIDM,2.0,39298,9.754,3.0307,0
CDM,0.5,62110,10.871,3.0306,0
vSIDM,0.5,81804,10.031,3.0276,0
vSIDM,1.0,71844,9.750,3.0276,0
CDM,2.0,38906,9.893,3.0257,0
CDM,2.0,40235,10.170,3.0224,0
SIDM1,1.0,60192,10.017,3.0209,0
SIDM1,2.0,39921,10.160,3.0198,0
SIDM1,2.0,42105,9.821,3.0194,0
vSIDM,0.5,83826,10.044,3.0156,0
CDM,0.5,74769,10.015,3.0138,0
SIDM1,0.5,84402,10.220,3.0133,0
vSIDM,0.5,60524,10.274,3.0119,0
CDM,1.0,57042,10.396,3.0119,0
vSIDM,1.0,61824,9.896,3.0111,0
SIDM1,1.0,62200,10.187,3.0078,0
CDM,2.0,38596,10.314,3.0074,0
CDM,1.0,64485,10.107,3.0070,0
SIDM1,1.0,62694,9.976,3.0060,0
vSIDM,2.0,34282,10.190,3.0049,0
vSIDM,1.0,59689,9.902,3.0047,0
CDM,2.0,44352,9.821,3.0037,0
SIDM1,0.5,81599,10.270,3.0026,0
SIDM1,0.5,76619,10.309,3.0019,0
CDM,2.0,23809,10.660,3.0011,0
SIDM1,2.0,30253,10.343,3.0009,0
CDM,2.0,30357,10.361,3.0008,0
CDM,2.0,47088,9.854,2.9995,0
SIDM1,1.0,65339,10.069,2.9994,0
vSIDM,1.0,67241,9.858,2.9980,0
vSIDM,1.0,46774,10.599,2.9973,0
SIDM1,1.0,65187,10.108,2.9963,0
SIDM1,0.5,71688,10.486,2.9944,0
SIDM1,0.5,62356,10.538,2.9937,0
vSIDM,1.0,67103,9.750,2.9934,0
vSIDM,0.5,85718,10.047,2.9883,0
SIDM1,0.5,82870,10.110,2.9861,0
SIDM1,1.0,65140,10.028,2.9860,0
CDM,0.5,81675,10.203,2.9823,0
CDM,1.0,34377,10.806,2.9819,0
SIDM1,1.0,67794,9.861,2.9778,0
SIDM1,1.0,49823,10.520,2.9756,0
SIDM1,0.5,85255,9.898,2.9746,0
CDM,2.0,39854,9.867,2.9738,0
SIDM1,0.5,71851,10.287,2.9731,0
SIDM1,0.5,87079,9.807,2.9717,0
vSIDM,1.0,65192,9.971,2.9715,0
SIDM1,1.0,40576,10.809,2.9709,0
SIDM1,2.0,43033,9.828,2.9705,0
CDM,0.5,86695,9.955,2.9701,0
vSIDM,2.0,19258,10.512,2.9697,0
vSIDM,1.0,56295,10.098,2.9691,0
SIDM1,0.5,72983,10.124,2.9682,0
CDM,1.0,62539,10.166,2.9682,0
vSIDM,1.0,57777,10.371,2.9673,0
CDM,1.0,67321,10.259,2.9668,0
vSIDM,0.5,83456,9.735,2.9657,0
SIDM1,1.0,64788,10.060,2.9628,0
vSIDM,0.5,77196,10.292,2.9621,0
CDM,1.0,66929,10.012,2.9620,0
SIDM1,0.5,72511,10.613,2.9608,0
vSIDM,0.5,74847,10.264,2.9602,0
SIDM1,1.0,61193,10.405,2.9600,0
vSIDM,0.5,62017,10.657,2.9599,0
vSIDM,2.0,20982,10.317,2.9589,0
CDM,0.5,72215,10.444,2.9588,0
CDM,2.0,35306,9.957,2.9562,0
vSIDM,1.0,61882,9.792,2.9561,0
vSIDM,2.0,38685,9.963,2.9559,0
SIDM1,1.0,61353,9.797,2.9557,0
vSIDM,0.5,55866,10.987,2.9551,0
SIDM1,0.5,82428,9.866,2.9549,0
CDM,1.0,81874,9.723,2.9529,0
vSIDM,0.5,63305,10.726,2.9523,0
CDM,0.5,67993,10.565,2.9519,0
vSIDM,2.0,37152,9.962,2.9517,0
SIDM1,1.0,58169,10.500,2.9516,0
CDM,0.5,70304,10.008,2.9505,0
CDM,1.0,66293,10.095,2.9477,0
vSIDM,0.5,62433,10.260,2.9470,0
CDM,0.5,63921,10.579,2.9469,0
vSIDM,0.5,77299,10.080,2.9458,0
CDM,1.0,74850,9.758,2.9446,0
vSIDM,1.0,48708,10.097,2.9433,0
vSIDM,1.0,27330,11.239,2.9429,0
vSIDM,0.5,81051,9.961,2.9427,0
SIDM1,1.0,47601,10.653,2.9420,0
CDM,2.0,40856,9.788,2.9396,0
SIDM1,0.5,78467,10.126,2.9391,0
SIDM1,1.0,72112,9.882,2.9377,0
CDM,1.0,74967,9.870,2.9364,0
CDM,1.0,61176,10.067,2.9364,0
CDM,1.0,61083,10.210,2.9363,0
SIDM1,0.5,78110,9.983,2.9363,0
SIDM1,0.5,68063,10.739,2.9359,0
vSIDM,2.0,33164,9.815,2.9356,0
SIDM1,0.5,80997,9.914,2.9336,0
SIDM1,1.0,76747,9.735,2.9327,0
CDM,1.0,62216,10.121,2.9321,0
CDM,1.0,60734,10.057,2.9305,0
SIDM1,2.0,17708,10.666,2.9291,0
vSIDM,1.0,34819,10.518,2.9288,0
vSIDM,1.0,42881,10.725,2.9282,0
SIDM1,1.0,57080,10.244,2.9275,0
vSIDM,1.0,63460,9.911,2.9262,0
SIDM1,1.0,66233,9.955,2.9259,0
CDM,0.5,93510,9.736,2.9250,0
SIDM1,0.5,86468,9.909,2.9241,0
CDM,1.0,53083,10.463,2.9224,0
CDM,0.5,80895,9.837,2.9211,0
CDM,1.0,52291,10.600,2.9210,0
CDM,0.5,65054,10.232,2.9204,0
vSIDM,1.0,51439,10.615,2.9204,0
SIDM1,1.0,66688,9.866,2.9191,0
CDM,0.5,80818,9.902,2.9180,0
vSIDM,1.0,33239,10.639,2.9162,0
SIDM1,0.5,88929,9.963,2.9158,0
SIDM1,0.5,76322,10.345,2.9151,0
CDM,1.0,59757,10.065,2.9139,0
SIDM1,1.0,63000,10.382,2.9138,0
SIDM1,1.0,63513,10.223,2.9137,0
SIDM1,1.0,58714,10.284,2.9134,0
SIDM1,1.0,74267,9.925,2.9132,0
vSIDM,1.0,37544,10.549,2.9124,0
vSIDM,1.0,57213,9.841,2.9096,0
SIDM1,2.0,23887,10.381,2.9096,0
CDM,1.0,69344,9.834,2.9075,0
SIDM1,0.5,67264,10.397,2.9063,0
CDM,1.0,42748,10.679,2.9059,0
CDM,1.0,51861,10.644,2.9058,0
vSIDM,0.5,80445,10.056,2.9058,0
SIDM1,2.0,24682,10.560,2.9052,0
CDM,0.5,85057,10.234,2.9000,0
SIDM1,1.0,73006,9.792,2.8989,0
SIDM1,0.5,66692,10.486,2.8977,0
vSIDM,1.0,52942,10.178,2.8975,0
SIDM1,0.5,86979,9.904,2.8972,0
CDM,0.5,82253,10.052,2.8971,0
CDM,0.5,42432,10.771,2.8964,0
SIDM1,1.0,61235,9.749,2.8946,0
vSIDM,0.5,73230,10.179,2.8939,0
vSIDM,1.0,54829,10.114,2.8921,0
vSIDM,0.5,79577,10.116,2.8903,0
SIDM1,1.0,70861,9.982,2.8885,0
vSIDM,1.0,65148,9.875,2.8880,0
SIDM1,1.0,72089,9.980,2.8861,0
vSIDM,0.5,79432,9.931,2.8848,0
SIDM1,1.0,71053,9.993,2.8836,0
CDM,1.0,49279,10.491,2.8831,0
SIDM1,1.0,69865,10.069,2.8810,0
CDM,1.0,59013,10.238,2.8800,0
SIDM1,1.0,66987,10.150,2.8773,0
vSIDM,0.5,68641,9.728,2.8766,0
vSIDM,2.0,29082,10.030,2.8759,0
SIDM1,0.5,85108,9.967,2.8755,0
vSIDM,0.5,76232,9.880,2.8741,0
SIDM1,0.5,68755,10.476,2.8735,0
SIDM1,1.0,49349,10.602,2.8729,0
vSIDM,0.5,45679,10.903,2.8721,0
vSIDM,0.5,58027,10.815,2.8713,0
CDM,0.5,32219,11.044,2.8703,0
CDM,0.5,74559,10.127,2.8701,0
vSIDM,0.5,71200,10.259,2.8693,0
SIDM1,1.0,33435,10.849,2.8669,0
CDM,0.5,89362,9.941,2.8663,0
SIDM1,1.0,62252,9.886,2.8661,0
vSIDM,1.0,65464,9.873,2.8656,0
CDM,0.5,90168,9.947,2.8630,0
SIDM1,1.0,32665,10.865,2.8621,0
SIDM1,0.5,56406,10.257,2.8612,0
CDM,2.0,36070,9.944,2.8610,0
SIDM1,1.0,57996,10.155,2.8608,0
vSIDM,2.0,45277,9.799,2.8599,0
SIDM1,1.0,82151,9.718,2.8592,0
CDM,0.5,62932,10.768,2.8565,0
CDM,1.0,53810,10.409,2.8562,0
CDM,1.0,66368,10.229,2.8557,0
SIDM1,1.0,60338,10.366,2.8546,0
CDM,1.0,57527,10.343,2.8544,0
vSIDM,0.5,68580,10.398,2.8533,0
vSIDM,1.0,66181,9.947,2.8527,0
CDM,0.5,72812,10.328,2.8517,0
vSIDM,0.5,75304,9.903,2.8508,0
CDM,0.5,83780,10.094,2.8502,0
vSIDM,0.5,71835,10.345,2.8497,0
SIDM1,1.0,47423,10.497,2.8495,0
CDM,1.0,59427,10.399,2.8480,0
SIDM1,0.5,81621,9.997,2.8476,0
vSIDM,1.0,64585,9.858,2.8465,0
SIDM1,2.0,47435,9.765,2.8453,0
CDM,0.5,56430,10.712,2.8430,0
SIDM1,1.0,69105,10.044,2.8429,0
CDM,1.0,67592,9.854,2.8421,0
CDM,0.5,68329,10.594,2.8419,0
vSIDM,2.0,6264,11.166,2.8418,0
CDM,0.5,73502,10.452,2.8400,0
SIDM1,2.0,49945,9.760,2.8398,0
SIDM1,1.0,57573,10.066,2.8390,0
vSIDM,0.5,74051,10.249,2.8385,0
SIDM1,1.0,69393,10.134,2.8382,0
SIDM1,0.5,67032,10.659,2.8379,0
SIDM1,1.0,73084,9.729,2.8378,0
vSIDM,1.0,68882,9.741,2.8377,0
CDM,1.0,56141,10.324,2.8375,0
SIDM1,1.0,77642,9.781,2.8365,0
SIDM1,1.0,51405,9.809,2.8364,0
SIDM1,1.0,64705,10.263,2.8362,0
CDM,1.0,64525,9.909,2.8355,0
SIDM1,1.0,75898,9.750,2.8351,0
SIDM1,1.0,53803,10.342,2.8348,0
CDM,1.0,79945,9.767,2.8334,0
vSIDM,1.0,67223,9.908,2.8333,0
vSIDM,0.5,70959,10.466,2.8319,0
CDM,2.0,25354,10.490,2.8316,0
CDM,2.0,41135,9.910,2.8315,0
vSIDM,1.0,53356,10.182,2.8310,0
vSIDM,0.5,70182,10.382,2.8309,0
SIDM1,0.5,81659,10.044,2.8301,0
SIDM1,2.0,28406,10.387,2.8282,0
CDM,2.0,40053,9.948,2.8276,0
vSIDM,1.0,52588,10.308,2.8276,0
SIDM1,1.0,60411,10.017,2.8263,0
vSIDM,1.0,59479,9.841,2.8250,0
SIDM1,1.0,67980,9.803,2.8247,0
CDM,0.5,87188,10.037,2.8240,0
CDM,2.0,41149,10.000,2.8238,0
CDM,3.0,1332,11.278,2.8222,0
CDM,1.0,62567,9.953,2.8206,0
SIDM1,1.0,74389,9.968,2.8197,0
vSIDM,1.0,48994,10.510,2.8195,0
CDM,0.5,66290,10.717,2.8183,0
SIDM1,1.0,71077,9.974,2.8182,0
vSIDM,1.0,45404,10.295,2.8177,0
SIDM1,1.0,79785,9.742,2.8173,0
vSIDM,1.0,58724,10.113,2.8171,0
CDM,0.5,79538,9.973,2.8170,0
vSIDM,1.0,52525,10.211,2.8168,0
vSIDM,1.0,67154,10.085,2.8154,0
vSIDM,0.5,70481,10.542,2.8136,0
SIDM1,2.0,30023,10.444,2.8123,0
CDM,0.5,85694,9.873,2.8090,0
SIDM1,0.5,69410,10.588,2.8082,0
SIDM1,0.5,64033,10.544,2.8074,0
vSIDM,1.0,73676,9.770,2.8073,0
SIDM1,1.0,56184,10.499,2.8066,0
CDM,0.5,66824,10.714,2.8057,0
SIDM1,2.0,32068,10.124,2.8057,0
CDM,1.0,66323,9.799,2.8056,0
vSIDM,0.5,80117,10.066,2.8051,0
vSIDM,1.0,54030,10.367,2.8045,0
vSIDM,0.5,65355,10.549,2.8043,0
SIDM1,2.0,45216,9.953,2.8029,0
SIDM1,0.5,76047,10.317,2.8015,0
SIDM1,1.0,63850,9.953,2.8014,0
SIDM1,0.5,88761,9.897,2.8000,0
CDM,0.5,72005,10.310,2.7995,0
vSIDM,1.0,69913,10.051,2.7989,0
SIDM1,0.5,81686,10.094,2.7987,0
CDM,0.5,77097,10.423,2.7981,0
CDM,1.0,71407,9.964,2.7979,0
CDM,1.0,63132,10.084,2.7978,0
SIDM1,0.5,77962,10.455,2.7971,0
SIDM1,1.0,77682,9.864,2.7967,0
vSIDM,1.0,68392,10.061,2.7957,0
CDM,1.0,57592,10.065,2.7957,0
vSIDM,1.0,68591,9.916,2.7949,0
SIDM1,0.5,83219,10.124,2.7938,0
SIDM1,1.0,62496,10.169,2.7938,0
vSIDM,1.0,54153,10.385,2.7917,0
CDM,0.5,84302,10.377,2.7889,0
SIDM1,1.0,58212,10.447,2.7885,0
SIDM1,1.0,68278,9.916,2.7882,0
CDM,0.5,88279,9.810,2.7869,0
CDM,0.5,74065,10.669,2.7863,0
vSIDM,0.5,71107,9.807,2.7863,0
vSIDM,2.0,32146,10.173,2.7849,0
CDM,0.5,74638,10.446,2.7848,0
SIDM1,0.5,74436,10.080,2.7845,0
vSIDM,1.0,64155,10.210,2.7833,0
vSIDM,1.0,69382,10.104,2.7830,0
CDM,3.0,22077,9.791,2.7827,0
SIDM1,1.0,58656,10.220,2.7823,0
vSIDM,1.0,75050,9.800,2.7820,0
SIDM1,1.0,52786,10.565,2.7794,0
vSIDM,0.5,84333,9.733,2.7762,0
CDM,1.0,71880,9.781,2.7754,0
CDM,1.0,60384,10.405,2.7747,0
vSIDM,1.0,68131,9.723,2.7737,0
SIDM1,1.0,70376,10.062,2.7734,0
CDM,0.5,73142,10.552,2.7730,0
vSIDM,0.5,80172,10.082,2.7728,0
vSIDM,1.0,60845,9.916,2.7713,0
CDM,0.5,86461,9.944,2.7702,0
SIDM1,1.0,52921,10.657,2.7694,0
vSIDM,1.0,68108,9.967,2.7689,0
CDM,0.5,82366,9.961,2.7689,0
SIDM1,1.0,42193,10.669,2.7677,0
CDM,0.5,77894,10.390,2.7649,0
SIDM1,1.0,70194,10.176,2.7649,0
CDM,0.5,68643,10.614,2.7646,0
CDM,1.0,57976,10.501,2.7605,0
CDM,2.0,42559,9.914,2.7589,0
vSIDM,1.0,26922,11.080,2.7571,0
vSIDM,0.5,82211,10.027,2.7566,0
CDM,1.0,61310,10.342,2.7563,0
SIDM1,0.5,70806,10.600,2.7542,0
SIDM1,1.0,63609,10.290,2.7527,0
SIDM1,0.5,86579,9.774,2.7527,0
SIDM1,1.0,70725,10.151,2.7522,0
SIDM1,0.5,64727,10.740,2.7516,0
CDM,2.0,46851,9.898,2.7493,0
SIDM1,1.0,42537,10.642,2.7483,0
CDM,0.5,89744,9.775,2.7474,0
vSIDM,2.0,16747,10.634,2.7459,0
SIDM1,1.0,68160,10.042,2.7452,0
CDM,1.0,59174,10.355,2.7441,0
SIDM1,2.0,14545,10.845,2.7422,0
CDM,0.5,58687,10.714,2.7403,0
vSIDM,0.5,74781,10.247,2.7393,0
CDM,2.0,47306,9.874,2.7390,0
SIDM1,0.5,76711,10.399,2.7384,0
SIDM1,0.5,77705,9.771,2.7378,0
SIDM1,1.0,34742,11.004,2.7378,0
SIDM1,0.5,87734,9.995,2.7356,0
SIDM1,3.0,8309,10.568,2.7354,0
SIDM1,2.0,42427,9.765,2.7351,0
CDM,0.5,86494,9.846,2.7350,0
vSIDM,1.0,61999,10.212,2.7339,0
SIDM1,0.5,72923,10.477,2.7325,0
CDM,1.0,57358,10.133,2.7314,0
SIDM1,0.5,71621,10.479,2.7313,0
CDM,1.0,73631,10.012,2.7306,0
vSIDM,0.5,79113,10.038,2.7298,0
vSIDM,1.0,33019,10.840,2.7296,0
vSIDM,0.5,47118,10.907,2.7286,0
SIDM1,0.5,74365,10.378,2.7279,0
CDM,0.5,79250,9.839,2.7279,0
vSIDM,0.5,82532,10.265,2.7273,0
SIDM1,0.5,67616,10.572,2.7265,0
CDM,1.0,59384,10.187,2.7264,0
SIDM1,1.0,48569,10.137,2.7248,0
vSIDM,1.0,43243,10.795,2.7240,0
vSIDM,0.5,70299,10.429,2.7225,0
CDM,0.5,83196,9.993,2.7214,0
CDM,0.5,74000,10.461,2.7156,0
vSIDM,0.5,63077,10.643,2.7148,0
CDM,0.5,90583,9.922,2.7145,0
SIDM1,1.0,64442,9.920,2.7126,0
vSIDM,1.0,51420,10.577,2.7123,0
vSIDM,1.0,60708,10.239,2.7118,0
CDM,1.0,67826,9.720,2.7113,0
vSIDM,0.5,80576,10.381,2.7107,0
SIDM1,1.0,63892,9.894,2.7107,0
vSIDM,2.0,37325,9.822,2.7090,0
SIDM1,0.5,74240,10.441,2.7089,0
SIDM1,0.5,67444,10.608,2.7058,0
vSIDM,1.0,51290,10.352,2.7033,0
vSIDM,0.5,56879,11.019,2.7022,0
CDM,0.5,66519,10.181,2.7016,0
vSIDM,1.0,60917,10.335,2.7007,0
SIDM1,0.5,61553,10.536,2.7004,0
SIDM1,2.0,38512,9.918,2.6979,0
SIDM1,1.0,41217,10.631,2.6977,0
CDM,1.0,75065,9.856,2.6949,0
SIDM1,0.5,74107,10.583,2.6948,0
SIDM1,1.0,49914,10.406,2.6936,0
SIDM1,2.0,37939,10.197,2.6917,0
vSIDM,0.5,72374,10.295,2.6902,0
vSIDM,0.5,77378,9.891,2.6891,0
vSIDM,0.5,80144,10.104,2.6875,0
vSIDM,1.0,57709,10.337,2.6857,0
CDM,1.0,61527,10.149,2.6848,0
CDM,0.5,83532,9.919,2.6838,0
vSIDM,1.0,56847,10.382,2.6835,0
CDM,0.5,89578,9.758,2.6833,0
CDM,0.5,70203,10.436,2.6822,0
SIDM1,1.0,71189,10.001,2.6808,0
CDM,0.5,87284,9.950,2.6801,0
CDM,1.0,53009,10.591,2.6791,0
CDM,2.0,49213,9.800,2.6782,0
vSIDM,1.0,57131,10.398,2.6778,0
SIDM1,0.5,84538,10.025,2.6775,0
SIDM1,1.0,54867,10.408,2.6771,0
SIDM1,1.0,4332,11.992,2.6757,0
SIDM1,1.0,64084,10.329,2.6750,0
CDM,1.0,42449,10.699,2.6748,0
CDM,2.0,27971,10.448,2.6748,0
vSIDM,0.5,82093,9.975,2.6733,0
SIDM1,1.0,63096,10.170,2.6717,0
vSIDM,1.0,56863,10.045,2.6704,0
CDM,0.5,63356,10.036,2.6690,0
vSIDM,1.0,67337,9.719,2.6679,0
vSIDM,1.0,56425,9.994,2.6679,0
vSIDM,1.0,51070,10.297,2.6667,0
vSIDM,0.5,73519,10.261,2.6665,0
SIDM1,2.0,46960,9.766,2.6659,0
SIDM1,1.0,57479,10.096,2.6657,0
CDM,0.5,82120,10.153,2.6637,0
SIDM1,0.5,92630,9.710,2.6631,0
SIDM1,1.0,69657,9.866,2.6624,0
vSIDM,1.0,62043,10.020,2.6619,0
SIDM1,1.0,66644,9.887,2.6615,0
vSIDM,1.0,52317,10.283,2.6604,0
CDM,1.0,57682,9.988,2.6602,0
CDM,2.0,35032,9.834,2.6600,0
SIDM1,1.0,53189,9.973,2.6582,0
SIDM1,0.5,84457,9.964,2.6580,0
vSIDM,1.0,56235,10.291,2.6580,0
vSIDM,0.5,62144,10.586,2.6578,0
SIDM1,2.0,31141,10.090,2.6571,0
SIDM1,1.0,64119,9.841,2.6570,0
vSIDM,0.5,87639,9.877,2.6551,0
CDM,0.5,84614,9.851,2.6547,0
CDM,2.0,40136,9.952,2.6507,0
SIDM1,1.0,62523,10.194,2.6500,0
vSIDM,2.0,42392,9.832,2.6498,0
CDM,1.0,67894,9.835,2.6497,0
SIDM1,2.0,38683,9.776,2.6491,0
vSIDM,0.5,73575,10.462,2.6491,0
vSIDM,1.0,70220,9.751,2.6488,0
vSIDM,1.0,52707,10.640,2.6487,0
vSIDM,0.5,69210,10.194,2.6483,0
CDM,1.0,52760,10.418,2.6482,0
CDM,2.0,43103,9.755,2.6467,0
CDM,0.5,81451,10.252,2.6464,0
vSIDM,0.5,37027,11.137,2.6457,0
vSIDM,1.0,63643,10.159,2.6449,0
CDM,1.0,39029,10.451,2.6437,0
CDM,1.0,72656,9.864,2.6433,0
vSIDM,1.0,68844,9.838,2.6429,0
CDM,1.0,63747,10.374,2.6427,0
CDM,0.5,74687,10.016,2.6414,0
SIDM1,0.5,62601,10.757,2.6413,0
vSIDM,1.0,52061,10.245,2.6389,0
CDM,1.0,76347,9.842,2.6383,0
SIDM1,0.5,76172,9.999,2.6380,0
vSIDM,1.0,50938,10.367,2.6357,0
SIDM1,1.0,77699,9.716,2.6342,0
SIDM1,1.0,57456,10.508,2.6324,0
CDM,1.0,52494,10.342,2.6311,0
vSIDM,1.0,75502,9.720,2.6303,0
SIDM1,1.0,64246,9.778,2.6296,0
vSIDM,0.5,60444,10.802,2.6279,0
CDM,3.0,20669,10.039,2.6266,0
vSIDM,1.0,39747,10.850,2.6263,0
vSIDM,1.0,66017,9.724,2.6258,0
SIDM1,0.5,86909,10.060,2.6255,0
SIDM1,1.0,55551,10.172,2.6247,0
CDM,0.5,82939,10.004,2.6245,0
CDM,0.5,53460,10.831,2.6235,0
SIDM1,0.5,54246,10.783,2.6231,0
SIDM1,0.5,81742,9.952,2.6226,0
SIDM1,1.0,48826,10.799,2.6212,0
SIDM1,1.0,54505,10.652,2.6210,0
CDM,1.0,49544,10.681,2.6204,0
CDM,1.0,66393,9.975,2.6169,0
vSIDM,0.5,78893,9.847,2.6157,0
vSIDM,1.0,47910,10.629,2.6154,0
CDM,1.0,59623,10.312,2.6152,0
vSIDM,0.5,68189,10.487,2.6152,0
SIDM1,1.0,44641,10.648,2.6132,0
CDM,1.0,62332,10.303,2.6099,0
SIDM1,1.0,56151,10.634,2.6077,0
SIDM1,0.5,77224,10.274,2.6059,0
SIDM1,1.0,68138,10.164,2.6049,0
CDM,0.5,71105,10.257,2.6041,0
CDM,0.5,79999,10.362,2.6027,0
CDM,0.5,57966,10.878,2.6021,0
SIDM1,1.0,44309,10.501,2.6021,0
SIDM1,1.0,76449,9.732,2.6013,0
CDM,2.0,44735,9.784,2.6007,0
vSIDM,0.5,60110,10.864,2.6005,0
SIDM1,0.5,78875,10.252,2.6002,0
SIDM1,0.5,82389,9.893,2.6001,0
SIDM1,0.5,71393,10.433,2.5990,0
SIDM1,1.0,72434,9.780,2.5970,0
vSIDM,0.5,79244,9.799,2.5968,0
SIDM1,0.5,80380,10.158,2.5963,0
SIDM1,0.5,57764,10.875,2.5961,0
vSIDM,2.0,36377,9.760,2.5959,0
CDM,0.5,88558,9.794,2.5956,0
SIDM1,0.5,75769,10.418,2.5955,0
SIDM1,1.0,61680,10.268,2.5946,0
CDM,1.0,45846,10.505,2.5936,0
CDM,1.0,53581,10.302,2.5924,0
SIDM1,0.5,87842,9.782,2.5912,0
vSIDM,1.0,15628,11.392,2.5895,0
SIDM1,1.0,73268,9.998,2.5891,0
vSIDM,0.5,68089,10.229,2.5891,0
CDM,0.5,76846,10.487,2.5880,0
SIDM1,1.0,79371,9.917,2.5875,0
CDM,1.0,59255,10.119,2.5856,0
CDM,0.5,87253,10.059,2.5854,0
vSIDM,1.0,66777,9.936,2.5844,0
SIDM1,0.5,69680,10.708,2.5841,0
CDM,1.0,67095,9.936,2.5834,0
SIDM1,0.5,63944,10.597,2.5818,0
vSIDM,0.5,77656,9.742,2.5818,0
SIDM1,1.0,60763,10.372,2.5799,0
CDM,0.5,70814,10.519,2.5790,0
CDM,1.0,65234,10.057,2.5752,0
SIDM1,0.5,92283,9.803,2.5751,0
vSIDM,1.0,68287,9.900,2.5707,0
SIDM1,1.0,71350,9.767,2.5699,0
SIDM1,0.5,64407,10.834,2.5699,0
CDM,0.5,49273,10.757,2.5693,0
SIDM1,0.5,79452,10.319,2.5684,0
SIDM1,1.0,56647,10.400,2.5676,0
CDM,0.5,66732,10.763,2.5671,0
vSIDM,0.5,41555,11.095,2.5666,0
vSIDM,0.5,85270,9.997,2.5666,0
SIDM1,2.0,28732,10.366,2.5665,0
vSIDM,0.5,85257,10.157,2.5663,0
CDM,1.0,69027,9.849,2.5659,0
vSIDM,1.0,75723,9.705,2.5657,0
SIDM1,1.0,61451,10.058,2.5649,0
CDM,0.5,75859,9.997,2.5648,0
CDM,0.5,80336,10.077,2.5647,0
SIDM1,2.0,47822,9.845,2.5643,0
SIDM1,1.0,67621,9.734,2.5640,0
vSIDM,0.5,79294,9.923,2.5640,0
CDM,1.0,65591,9.739,2.5635,0
SIDM1,1.0,64984,10.048,2.5631,0
SIDM1,1.0,65536,10.242,2.5614,0
vSIDM,0.5,82944,10.159,2.5599,0
SIDM1,0.5,79573,10.014,2.5589,0
vSIDM,0.5,56779,10.838,2.5585,0
CDM,0.5,65693,10.696,2.5568,0
SIDM1,0.5,73434,10.361,2.5558,0
vSIDM,2.0,37791,9.889,2.5527,0
vSIDM,1.0,31463,10.812,2.5520,0
SIDM1,0.5,66160,10.624,2.5503,0
CDM,1.0,69497,9.922,2.5500,0
vSIDM,1.0,66163,10.102,2.5499,0
SIDM1,0.5,87168,9.882,2.5493,0
CDM,0.5,84350,9.884,2.5487,0
CDM,1.0,59560,10.310,2.5483,0
SIDM1,1.0,63823,10.250,2.5483,0
SIDM1,1.0,60070,10.395,2.5481,0
vSIDM,0.5,76852,9.987,2.5465,0
vSIDM,1.0,68263,9.790,2.5458,0
SIDM1,0.5,87904,9.835,2.5442,0
SIDM1,0.5,84888,9.870,2.5442,0
CDM,0.5,74899,10.350,2.5441,0
vSIDM,2.0,39032,10.154,2.5432,0
SIDM1,1.0,82258,9.717,2.5427,0
vSIDM,0.5,85818,9.866,2.5400,0
SIDM1,0.5,87280,10.019,2.5385,0
vSIDM,0.5,78356,10.120,2.5374,0
CDM,1.0,78126,9.716,2.5367,0
CDM,1.0,56049,10.635,2.5364,0
SIDM1,2.0,43723,10.169,2.5362,0
CDM,1.0,57392,10.527,2.5355,0
vSIDM,0.5,77970,10.115,2.5350,0
vSIDM,1.0,49798,10.580,2.5347,0
vSIDM,1.0,51165,9.861,2.5321,0
CDM,0.5,88256,9.931,2.5314,0
vSIDM,2.0,45274,9.776,2.5314,0
vSIDM,1.0,58281,10.318,2.5308,0
vSIDM,1.0,54900,10.338,2.5303,0
vSIDM,1.0,18255,11.372,2.5296,0
SIDM1,0.5,87759,9.897,2.5284,0
CDM,0.5,91929,9.794,2.5282,0
CDM,0.5,80221,10.002,2.5253,0
vSIDM,2.0,26176,10.441,2.5244,0
vSIDM,1.0,57959,9.979,2.5235,0
CDM,0.5,61847,10.634,2.5235,0
CDM,1.0,67352,10.151,2.5233,0
SIDM1,2.0,43945,9.742,2.5233,0
SIDM1,2.0,35079,10.226,2.5229,0
CDM,0.5,71711,10.419,2.5228,0
SIDM1,1.0,68572,9.898,2.5221,0
vSIDM,1.0,58975,9.873,2.5210,0
vSIDM,2.0,28405,10.274,2.5202,0
SIDM1,0.5,74877,10.018,2.5196,0
CDM,1.0,54960,10.648,2.5177,0
CDM,1.0,53369,10.518,2.5175,0
SIDM1,1.0,66881,9.845,2.5171,0
CDM,1.0,77351,9.879,2.5168,0
CDM,0.5,94444,9.757,2.5163,0
SIDM1,1.0,72586,9.738,2.5153,0
SIDM1,1.0,55401,10.347,2.5132,0
vSIDM,0.5,55368,10.699,2.5131,0
CDM,1.0,37479,10.650,2.5113,0
SIDM1,2.0,43387,9.877,2.5106,0
vSIDM,0.5,79686,10.089,2.5106,0
CDM,2.0,36202,10.157,2.5102,0
SIDM1,0.5,77652,10.302,2.5097,0
SIDM1,1.0,57131,10.385,2.5095,0
vSIDM,1.0,76101,9.730,2.5095,0
SIDM1,0.5,81447,10.230,2.5085,0
SIDM1,0.5,85844,9.712,2.5078,0
CDM,0.5,87678,9.886,2.5077,0
vSIDM,1.0,69284,9.937,2.5067,0
vSIDM,1.0,69990,9.853,2.5022,0
CDM,0.5,77935,9.801,2.5012,0
vSIDM,0.5,82374,10.133,2.5009,0
CDM,2.0,6608,11.175,2.5004,0
CDM,0.5,75416,10.487,2.5000,0
SIDM1,1.0,61810,10.298,2.4983,0
vSIDM,1.0,66364,9.903,2.4982,0
vSIDM,0.5,87698,9.779,2.4979,0
CDM,1.0,64592,10.220,2.4975,0
SIDM1,0.5,83733,9.950,2.4974,0
SIDM1,1.0,56778,10.421,2.4973,0
SIDM1,0.5,58247,11.027,2.4973,0
CDM,2.0,22129,9.919,2.4969,0
SIDM1,1.0,61017,10.118,2.4960,0
CDM,1.0,77880,9.739,2.4951,0
SIDM1,1.0,40874,10.579,2.4947,0
SIDM1,1.0,50616,10.147,2.4933,0
vSIDM,1.0,67828,9.862,2.4927,0
SIDM1,1.0,77796,9.850,2.4915,0
SIDM1,0.5,46378,10.980,2.4900,0
CDM,1.0,38838,10.966,2.4900,0
SIDM1,0.5,57159,10.598,2.4900,0
SIDM1,1.0,64219,10.074,2.4896,0
CDM,1.0,63516,9.889,2.4862,0
vSIDM,0.5,73200,10.566,2.4861,0
CDM,0.5,77032,10.259,2.4858,0
CDM,0.5,72099,10.348,2.4855,0
SIDM1,0.5,88857,9.784,2.4847,0
SIDM1,1.0,62333,10.054,2.4838,0
vSIDM,0.5,55695,10.712,2.4836,0
SIDM1,0.5,83331,9.962,2.4836,0
SIDM1,1.0,63683,10.055,2.4836,0
SIDM1,0.5,71158,10.587,2.4833,0
CDM,1.0,76457,9.888,2.4829,0
SIDM1,1.0,77833,9.907,2.4824,0
vSIDM,0.5,75452,10.278,2.4822,0
vSIDM,0.5,65415,10.605,2.4813,0
SIDM1,1.0,53038,10.628,2.4794,0
CDM,0.5,67744,10.730,2.4783,0
CDM,0.5,65805,10.768,2.4778,0
SIDM1,1.0,67372,9.975,2.4766,0
CDM,1.0,61685,9.948,2.4751,0
CDM,0.5,91413,9.738,2.4749,0
SIDM1,0.5,89574,9.784,2.4745,0
vSIDM,1.0,51848,10.279,2.4737,0
SIDM1,0.5,78987,10.179,2.4737,0
SIDM1,0.5,80757,9.929,2.4733,0
vSIDM,1.0,33493,10.990,2.4722,0
SIDM1,1.0,64959,10.063,2.4706,0
SIDM1,1.0,73466,9.726,2.4682,0
CDM,0.5,77480,10.405,2.4659,0
CDM,2.0,33716,10.012,2.4657,0
vSIDM,1.0,63495,9.830,2.4636,0
SIDM1,2.0,34850,10.073,2.4634,0
vSIDM,0.5,83916,9.965,2.4630,0
vSIDM,0.5,75934,10.015,2.4628,0
SIDM1,0.5,75225,10.367,2.4624,0
vSIDM,1.0,17433,11.364,2.4617,0
CDM,1.0,71951,9.825,2.4614,0
vSIDM,1.0,54535,10.130,2.4604,0
CDM,0.5,63677,10.818,2.4599,0
SIDM1,0.5,86103,10.038,2.4587,0
SIDM1,0.5,89034,9.929,2.4554,0
CDM,0.5,73647,10.446,2.4551,0
vSIDM,0.5,83694,9.918,2.4537,0
vSIDM,1.0,64616,10.018,2.4531,0
vSIDM,0.5,78270,10.137,2.4521,0
vSIDM,0.5,74481,10.259,2.4517,0
CDM,1.0,74712,9.999,2.4513,0
SIDM1,1.0,73035,9.809,2.4502,0
CDM,0.5,83331,10.193,2.4484,0
vSIDM,1.0,67263,9.822,2.4478,0
SIDM1,0.5,74165,10.108,2.4470,0
CDM,1.0,72515,10.076,2.4467,0
SIDM1,1.0,52076,10.637,2.4465,0
CDM,1.0,50816,10.584,2.4459,0
SIDM1,1.0,78650,9.760,2.4455,0
vSIDM,1.0,58161,10.058,2.4451,0
SIDM1,1.0,69896,9.851,2.4441,0
SIDM1,0.5,84785,9.890,2.4441,0
SIDM1,1.0,62857,10.251,2.4436,0
CDM,0.5,81120,10.069,2.4431,0
vSIDM,0.5,86638,9.974,2.4428,0
CDM,1.0,51494,10.385,2.4423,0
CDM,1.0,70543,9.768,2.4419,0
SIDM1,0.5,84567,9.971,2.4416,0
CDM,1.0,63595,9.754,2.4412,0
CDM,1.0,65159,10.164,2.4402,0
vSIDM,0.5,76895,10.178,2.4395,0
vSIDM,0.5,82180,9.726,2.4390,0
vSIDM,2.0,7360,11.396,2.4364,0
vSIDM,0.5,79330,9.755,2.4361,0
CDM,0.5,87165,10.163,2.4356,0
CDM,0.5,81965,9.752,2.4330,0
vSIDM,1.0,51234,10.545,2.4326,0
vSIDM,1.0,53991,10.388,2.4323,0
vSIDM,0.5,84093,9.723,2.4317,0
CDM,0.5,83060,10.253,2.4309,0
SIDM1,1.0,73988,9.805,2.4295,0
vSIDM,1.0,49632,10.226,2.4292,0
vSIDM,1.0,72775,9.722,2.4292,0
CDM,0.5,82459,10.065,2.4286,0
SIDM1,1.0,74009,9.925,2.4284,0
SIDM1,0.5,70716,10.540,2.4277,0
vSIDM,1.0,59147,10.102,2.4276,0
SIDM1,0.5,76883,10.295,2.4262,0
SIDM1,0.5,69137,10.611,2.4253,0
SIDM1,0.5,90325,9.911,2.4235,0
SIDM1,0.5,86695,9.950,2.4233,0
SIDM1,0.5,77777,10.145,2.4222,0
vSIDM,0.5,79725,10.113,2.4220,0
CDM,0.5,42813,11.340,2.4220,0
SIDM1,1.0,73149,10.064,2.4215,0
SIDM1,0.5,79227,9.976,2.4209,0
CDM,0.5,82761,9.775,2.4197,0
SIDM1,1.0,57003,10.274,2.4182,0
SIDM1,0.5,47088,10.941,2.4180,0
vSIDM,0.5,68445,10.588,2.4178,0
vSIDM,1.0,72506,9.784,2.4171,0
CDM,0.5,80265,10.072,2.4169,0
SIDM1,0.5,86348,9.924,2.4169,0
CDM,0.5,71443,10.420,2.4157,0
vSIDM,1.0,54461,10.365,2.4154,0
CDM,1.0,68430,9.944,2.4148,0
SIDM1,0.5,58805,10.967,2.4114,0
vSIDM,0.5,59554,10.840,2.4113,0
vSIDM,1.0,44398,10.358,2.4111,0
vSIDM,1.0,61327,10.014,2.4092,0
SIDM1,0.5,78274,10.420,2.4089,0
vSIDM,1.0,46235,10.294,2.4077,0
CDM,1.0,68695,9.833,2.4072,0
CDM,3.0,4390,10.945,2.4069,0
CDM,0.5,69072,10.305,2.4068,0
CDM,0.5,66662,10.697,2.4067,0
SIDM1,1.0,70840,9.974,2.4055,0
SIDM1,1.0,68802,10.197,2.4053,0
vSIDM,1.0,61415,10.035,2.4036,0
SIDM1,1.0,72563,9.903,2.4009,0
SIDM1,0.5,85227,10.121,2.4000,0
SIDM1,0.5,82340,9.805,2.3997,0
CDM,0.5,76215,10.209,2.3982,0
SIDM1,1.0,43934,10.720,2.3968,0
CDM,0.5,70957,10.583,2.3967,0
SIDM1,1.0,51130,10.533,2.3966,0
vSIDM,0.5,51898,10.719,2.3966,0
CDM,1.0,64375,9.866,2.3961,0
CDM,0.5,81885,9.815,2.3961,0
vSIDM,0.5,59716,10.606,2.3949,0
vSIDM,0.5,40373,10.765,2.3936,0
CDM,0.5,48517,11.032,2.3933,0
CDM,1.0,54508,10.299,2.3890,0
SIDM1,2.0,35536,10.001,2.3878,0
SIDM1,0.5,57291,10.710,2.3870,0
CDM,1.0,69810,9.835,2.3866,0
vSIDM,0.5,80968,10.051,2.3861,0
SIDM1,1.0,22284,11.254,2.3858,0
SIDM1,1.0,55067,10.540,2.3857,0
CDM,1.0,61572,10.258,2.3827,0
SIDM1,0.5,76385,10.276,2.3817,0
vSIDM,0.5,59176,9.915,2.3817,0
CDM,1.0,67386,10.127,2.3817,0
CDM,0.5,82406,10.353,2.3815,0
SIDM1,0.5,63739,10.128,2.3810,0
CDM,1.0,39930,10.624,2.3810,0
SIDM1,0.5,82828,10.083,2.3794,0
vSIDM,0.5,80029,9.892,2.3792,0
vSIDM,0.5,78632,10.069,2.3786,0
CDM,0.5,82841,9.931,2.3773,0
SIDM1,1.0,58250,10.051,2.3761,0
CDM,1.0,64764,10.219,2.3756,0
vSIDM,0.5,72248,10.445,2.3744,0
SIDM1,1.0,66425,10.292,2.3718,0
vSIDM,1.0,47819,10.642,2.3717,0
vSIDM,0.5,87922,9.846,2.3709,0
CDM,1.0,81762,9.799,2.3700,0
CDM,1.0,69589,9.905,2.3700,0
SIDM1,1.0,72995,9.842,2.3677,0
SIDM1,1.0,64362,9.844,2.3676,0
CDM,1.0,76391,9.798,2.3660,0
vSIDM,1.0,60593,9.858,2.3635,0
SIDM1,2.0,49243,9.851,2.3623,0
SIDM1,0.5,88429,9.971,2.3614,0
SIDM1,0.5,83114,10.190,2.3613,0
SIDM1,2.0,21795,10.335,2.3597,0
vSIDM,1.0,54330,10.222,2.3596,0
CDM,1.0,71029,9.974,2.3556,0
CDM,0.5,81803,9.817,2.3530,0
CDM,0.5,69276,10.717,2.3529,0
CDM,0.5,41904,10.995,2.3528,0
vSIDM,0.5,66439,10.132,2.3527,0
vSIDM,0.5,86489,9.728,2.3527,0
CDM,2.0,34725,10.174,2.3513,0
CDM,0.5,92349,9.887,2.3495,0
CDM,1.0,72493,9.976,2.3487,0
vSIDM,1.0,70337,9.806,2.3478,0
CDM,0.5,60797,10.302,2.3477,0
SIDM1,1.0,71382,9.739,2.3467,0
CDM,0.5,83484,9.781,2.3457,0
CDM,0.5,62312,10.577,2.3452,0
CDM,0.5,76167,10.414,2.3449,0
SIDM1,0.5,82716,10.080,2.3448,0
CDM,0.5,81330,10.261,2.3434,0
vSIDM,0.5,82636,9.719,2.3431,0
vSIDM,1.0,22896,11.091,2.3430,0
CDM,0.5,71648,10.526,2.3427,0
vSIDM,0.5,77872,10.263,2.3418,0
vSIDM,2.0,20419,9.925,2.3415,0
vSIDM,0.5,74030,10.386,2.3406,0
vSIDM,0.5,84313,9.930,2.3404,0
CDM,0.5,59979,10.931,2.3401,0
CDM,0.5,83293,10.042,2.3394,0
vSIDM,1.0,69792,9.828,2.3380,0
CDM,1.0,71667,9.976,2.3376,0
CDM,1.0,62673,9.921,2.3366,0
CDM,0.5,62635,10.415,2.3353,0
SIDM1,2.0,40862,9.824,2.3352,0
SIDM1,0.5,96470,9.735,2.3350,0
CDM,0.5,68886,10.584,2.3348,0
vSIDM,0.5,75970,10.151,2.3342,0
CDM,0.5,93642,9.756,2.3339,0
CDM,0.5,75288,10.396,2.3329,0
SIDM1,1.0,68450,9.901,2.3326,0
vSIDM,0.5,40107,11.392,2.3319,0
vSIDM,0.5,81884,10.003,2.3317,0
SIDM1,1.0,60483,10.234,2.3301,0
CDM,0.5,82426,9.904,2.3296,0
SIDM1,0.5,63505,10.674,2.3290,0
CDM,1.0,71451,9.946,2.3289,0
CDM,0.5,26944,11.361,2.3287,0
CDM,0.5,84398,9.793,2.3257,0
SIDM1,1.0,77335,9.837,2.3241,0
SIDM1,0.5,68257,10.572,2.3239,0
vSIDM,1.0,55180,10.458,2.3239,0
CDM,0.5,72457,10.130,2.3234,0
SIDM1,0.5,88370,10.205,2.3231,0
CDM,0.5,73577,10.420,2.3229,0
CDM,0.5,68524,10.425,2.3218,0
vSIDM,1.0,55414,10.390,2.3218,0
vSIDM,0.5,86680,9.853,2.3214,0
SIDM1,1.0,39091,10.561,2.3205,0
SIDM1,1.0,44484,10.413,2.3190,0
vSIDM,1.0,45067,10.716,2.3190,0
SIDM1,0.5,73592,10.446,2.3186,0
SIDM1,1.0,69226,9.854,2.3181,0
vSIDM,0.5,83105,10.022,2.3178,0
CDM,0.5,87093,9.833,2.3155,0
SIDM1,1.0,62597,10.158,2.3150,0
SIDM1,0.5,78532,10.057,2.3147,0
SIDM1,1.0,27126,11.100,2.3137,0
CDM,2.0,43055,10.190,2.3114,0
SIDM1,0.5,86865,10.158,2.3109,0
vSIDM,0.5,84784,9.723,2.3103,0
SIDM1,0.5,85322,10.105,2.3102,0
vSIDM,1.0,67848,10.002,2.3089,0
CDM,1.0,51247,10.737,2.3084,0
vSIDM,1.0,52419,10.467,2.3074,0
CDM,1.0,68403,9.951,2.3060,0
SIDM1,0.5,87586,9.770,2.3043,0
SIDM1,1.0,44202,10.926,2.3039,0
vSIDM,0.5,81779,10.093,2.3038,0
CDM,1.0,85871,9.748,2.3020,0
CDM,0.5,43544,11.326,2.3020,0
CDM,0.5,84493,9.937,2.3018,0
CDM,0.5,58973,10.662,2.3014,0
vSIDM,1.0,62271,10.004,2.3013,0
vSIDM,0.5,74697,10.444,2.3011,0
vSIDM,0.5,69527,10.393,2.3007,0
SIDM1,0.5,88640,10.085,2.2986,0
SIDM1,0.5,55637,10.873,2.2985,0
vSIDM,0.5,63503,10.496,2.2978,0
SIDM1,0.5,83662,10.179,2.2971,0
SIDM1,0.5,75139,9.829,2.2958,0
vSIDM,1.0,74194,9.734,2.2954,0
CDM,0.5,88537,9.932,2.2935,0
CDM,0.5,54446,10.756,2.2929,0
CDM,0.5,75537,9.776,2.2929,0
CDM,0.5,61161,9.908,2.2891,0
vSIDM,0.5,64481,10.717,2.2881,0
SIDM1,0.5,83703,10.189,2.2881,0
SIDM1,1.0,80575,9.846,2.2867,0
SIDM1,0.5,80712,10.074,2.2864,0
CDM,0.5,68581,10.710,2.2864,0
CDM,1.0,77971,9.754,2.2862,0
CDM,1.0,64098,9.998,2.2842,0
SIDM1,0.5,50204,10.661,2.2831,0
vSIDM,1.0,70768,9.825,2.2830,0
SIDM1,0.5,89194,10.117,2.2821,0
vSIDM,2.0,32756,10.168,2.2804,0
CDM,1.0,54260,10.522,2.2800,0
vSIDM,2.0,27981,10.372,2.2797,0
SIDM1,0.5,84918,9.944,2.2779,0
SIDM1,0.5,70067,10.253,2.2779,0
vSIDM,0.5,81702,9.894,2.2774,0
CDM,0.5,86837,9.741,2.2773,0
SIDM1,0.5,92680,9.827,2.2757,0
vSIDM,1.0,71391,9.861,2.2748,0
SIDM1,1.0,70934,9.959,2.2744,0
SIDM1,0.5,90946,9.735,2.2742,0
SIDM1,0.5,90175,9.728,2.2735,0
vSIDM,1.0,56701,9.900,2.2733,0
SIDM1,0.5,66438,10.688,2.2733,0
vSIDM,0.5,59992,10.712,2.2714,0
CDM,2.0,50476,9.781,2.2710,0
CDM,0.5,68085,10.642,2.2699,0
CDM,1.0,55798,10.534,2.2696,0
vSIDM,0.5,54932,10.278,2.2689,0
CDM,0.5,54030,10.859,2.2688,0
vSIDM,1.0,66556,9.807,2.2686,0
SIDM1,0.5,84311,9.917,2.2681,0
CDM,1.0,77754,9.765,2.2673,0
CDM,1.0,47263,10.447,2.2672,0
SIDM1,0.5,87304,9.902,2.2664,0
CDM,0.5,66393,10.629,2.2660,0
SIDM1,0.5,65598,10.164,2.2655,0
vSIDM,1.0,67282,9.746,2.2647,0
CDM,0.5,79374,10.374,2.2646,0
CDM,1.0,26431,11.044,2.2641,0
vSIDM,0.5,63584,10.409,2.2611,0
vSIDM,0.5,76411,9.925,2.2604,0
CDM,0.5,83579,10.001,2.2580,0
vSIDM,0.5,81032,10.157,2.2571,0
SIDM1,0.5,52678,10.750,2.2560,0
CDM,0.5,89346,9.884,2.2559,0
CDM,1.0,28150,11.152,2.2543,0
CDM,0.5,76282,10.251,2.2507,0
SIDM1,0.5,89381,9.930,2.2498,0
SIDM1,0.5,80518,10.102,2.2496,0
CDM,1.0,62147,10.092,2.2496,0
SIDM1,1.0,60730,10.381,2.2495,0
CDM,0.5,87564,9.917,2.2495,0
CDM,0.5,70023,10.178,2.2493,0
vSIDM,0.5,65466,10.557,2.2488,0
vSIDM,0.5,62993,10.636,2.2481,0
SIDM1,0.5,81919,9.891,2.2481,0
CDM,0.5,75800,10.360,2.2475,0
vSIDM,1.0,50013,10.530,2.2474,0
SIDM1,0.5,92732,9.732,2.2466,0
CDM,2.0,31829,10.112,2.2459,0
vSIDM,0.5,67687,9.950,2.2438,0
CDM,1.0,52952,10.597,2.2426,0
SIDM1,1.0,69059,9.921,2.2415,0
vSIDM,0.5,81255,9.888,2.2369,0
SIDM1,1.0,75956,9.897,2.2367,0
CDM,0.5,88740,10.151,2.2353,0
vSIDM,0.5,73983,10.257,2.2353,0
SIDM1,1.0,64897,10.266,2.2351,0
CDM,0.5,79102,10.157,2.2339,0
SIDM1,0.5,70261,9.941,2.2333,0
CDM,0.5,77455,10.379,2.2331,0
CDM,0.5,39785,11.271,2.2330,0
CDM,0.5,50030,10.812,2.2320,0
SIDM1,2.0,34655,9.901,2.2306,0
vSIDM,1.0,58117,10.221,2.2302,0
CDM,1.0,57105,10.394,2.2299,0
vSIDM,0.5,78720,9.824,2.2296,0
SIDM1,0.5,80546,9.847,2.2287,0
vSIDM,1.0,64526,9.831,2.2282,0
SIDM1,0.5,86939,9.985,2.2269,0
SIDM1,1.0,50394,10.656,2.2269,0
SIDM1,0.5,89609,9.787,2.2261,0
CDM,1.0,70162,9.781,2.2229,0
CDM,0.5,89944,9.833,2.2223,0
SIDM1,0.5,87200,10.140,2.2208,0
SIDM1,0.5,79775,10.084,2.2203,0
vSIDM,0.5,66609,10.425,2.2201,0
SIDM1,0.5,96824,9.741,2.2199,0
CDM,0.5,75009,10.073,2.2198,0
SIDM1,0.5,84166,10.035,2.2193,0
SIDM1,0.5,87464,10.140,2.2188,0
CDM,0.5,85474,10.177,2.2186,0
SIDM1,0.5,72695,10.243,2.2177,0
CDM,0.5,73005,10.494,2.2174,0
SIDM1,0.5,87520,10.173,2.2160,0
SIDM1,0.5,80264,9.730,2.2159,0
SIDM1,0.5,77312,10.084,2.2151,0
CDM,0.5,47548,11.040,2.2146,0
vSIDM,0.5,82924,9.975,2.2145,0
CDM,1.0,53748,10.040,2.2143,0
vSIDM,1.0,66245,9.802,2.2139,0
vSIDM,0.5,87227,9.823,2.2138,0
SIDM1,0.5,64514,10.750,2.2111,0
SIDM1,0.5,74732,10.151,2.2105,0
CDM,0.5,88996,9.892,2.2099,0
SIDM1,1.0,59519,10.334,2.2095,0
CDM,0.5,64549,10.721,2.2094,0
SIDM1,0.5,87980,9.985,2.2087,0
SIDM1,2.0,33721,10.239,2.2087,0
vSIDM,0.5,84246,10.101,2.2078,0
SIDM1,0.5,82057,9.873,2.2075,0
SIDM1,0.5,86786,10.033,2.2070,0
SIDM1,0.5,77368,10.164,2.2050,0
SIDM1,0.5,83179,9.755,2.2049,0
CDM,0.5,87967,10.096,2.2039,0
SIDM1,0.5,66837,10.495,2.2038,0
CDM,0.5,84693,9.940,2.2036,0
SIDM1,0.5,85403,9.813,2.2033,0
CDM,1.0,72110,9.818,2.2033,0
CDM,0.5,78003,9.989,2.2029,0
CDM,1.0,73875,9.772,2.2021,0
vSIDM,0.5,74934,10.355,2.1993,0
vSIDM,1.0,61577,10.055,2.1988,0
SIDM1,0.5,72257,10.290,2.1983,0
CDM,1.0,64452,10.193,2.1979,0
CDM,1.0,60141,10.232,2.1969,0
CDM,0.5,86523,10.124,2.1968,0
vSIDM,1.0,61049,10.330,2.1964,0
SIDM1,0.5,86809,10.090,2.1960,0
CDM,1.0,72041,10.112,2.1960,0
SIDM1,1.0,78182,9.800,2.1934,0
SIDM1,0.5,61684,10.061,2.1933,0
CDM,0.5,59169,10.735,2.1902,0
CDM,0.5,91590,9.730,2.1890,0
CDM,0.5,79071,10.454,2.1888,0
SIDM1,0.5,89844,9.765,2.1878,0
vSIDM,1.0,65117,9.877,2.1877,0
vSIDM,0.5,82155,9.895,2.1876,0
CDM,0.5,69421,10.485,2.1858,0
vSIDM,0.5,85846,9.748,2.1844,0
CDM,0.5,61965,10.254,2.1829,0
vSIDM,0.5,80080,10.093,2.1828,0
CDM,0.5,78667,10.006,2.1827,0
CDM,0.5,81532,9.983,2.1819,0
SIDM1,0.5,85721,9.921,2.1805,0
vSIDM,0.5,83430,9.965,2.1802,0
CDM,1.0,73735,9.815,2.1796,0
SIDM1,0.5,68938,10.456,2.1796,0
SIDM1,1.0,59119,9.905,2.1788,0
CDM,0.5,77187,10.269,2.1774,0
CDM,0.5,67178,10.780,2.1773,0
CDM,1.0,60585,10.017,2.1768,0
vSIDM,0.5,83683,10.142,2.1749,0
SIDM1,1.0,75932,9.767,2.1740,0
SIDM1,0.5,74816,10.461,2.1737,0
SIDM1,0.5,80634,10.274,2.1734,0
SIDM1,0.5,84722,10.094,2.1721,0
SIDM1,1.0,61579,10.324,2.1721,0
CDM,0.5,88695,9.951,2.1707,0
CDM,0.5,86949,10.212,2.1706,0
CDM,0.5,64978,10.822,2.1700,0
vSIDM,2.0,37295,10.142,2.1689,0
CDM,0.5,82509,9.833,2.1687,0
vSIDM,0.5,84417,9.903,2.1681,0
CDM,1.0,45920,10.830,2.1671,0
SIDM1,1.0,71940,9.971,2.1656,0
SIDM1,0.5,77476,10.122,2.1648,0
vSIDM,1.0,65626,9.874,2.1645,0
SIDM1,1.0,52977,10.639,2.1635,0
vSIDM,1.0,67465,10.006,2.1611,0
SIDM1,0.5,81382,9.713,2.1605,0
vSIDM,0.5,86656,9.738,2.1596,0
CDM,0.5,83694,9.939,2.1590,0
vSIDM,0.5,53773,10.971,2.1576,0
SIDM1,0.5,75359,9.789,2.1532,0
SIDM1,0.5,74308,10.435,2.1529,0
CDM,1.0,69899,9.875,2.1525,0
SIDM1,0.5,82155,10.088,2.1506,0
vSIDM,1.0,61239,10.035,2.1506,0
CDM,0.5,78520,9.824,2.1501,0
SIDM1,1.0,62039,9.770,2.1492,0
SIDM1,0.5,100129,9.765,2.1483,0
CDM,1.0,58218,9.936,2.1482,0
vSIDM,1.0,55594,10.260,2.1469,0
SIDM1,0.5,81524,10.014,2.1453,0
SIDM1,0.5,84389,10.280,2.1452,0
SIDM1,1.0,74034,9.739,2.1423,0
vSIDM,0.5,71569,10.415,2.1395,0
vSIDM,1.0,57428,9.754,2.1388,0
SIDM1,0.5,88697,9.777,2.1382,0
vSIDM,0.5,75649,9.870,2.1380,0
CDM,1.0,66841,10.107,2.1372,0
CDM,0.5,92002,9.768,2.1371,0
vSIDM,0.5,72203,10.414,2.1357,0
vSIDM,0.5,76770,10.041,2.1329,0
SIDM1,0.5,82014,10.188,2.1319,0
SIDM1,0.5,41404,10.776,2.1313,0
CDM,3.0,6138,10.800,2.1284,0
SIDM1,0.5,91044,9.837,2.1264,0
SIDM1,0.5,76442,10.458,2.1256,0
CDM,2.0,34251,10.296,2.1239,0
SIDM1,0.5,90013,9.748,2.1237,0
CDM,1.0,80815,9.739,2.1233,0
vSIDM,0.5,79480,10.126,2.1232,0
SIDM1,0.5,83535,9.896,2.1231,0
SIDM1,0.5,83581,9.989,2.1216,0
CDM,0.5,78884,10.230,2.1201,0
vSIDM,0.5,84396,9.941,2.1193,0
vSIDM,0.5,93101,9.701,2.1187,0
SIDM1,0.5,78164,10.240,2.1183,0
SIDM1,0.5,78817,10.088,2.1169,0
CDM,1.0,52155,10.625,2.1165,0
vSIDM,1.0,58413,9.739,2.1153,0
CDM,0.5,74239,10.478,2.1150,0
CDM,0.5,82019,9.946,2.1149,0
vSIDM,0.5,71630,10.454,2.1148,0
vSIDM,0.5,75096,10.136,2.1119,0
vSIDM,0.5,61190,10.555,2.1109,0
vSIDM,1.0,39845,10.798,2.1107,0
CDM,1.0,64854,9.820,2.1095,0
vSIDM,0.5,80675,10.165,2.1084,0
vSIDM,1.0,58934,10.291,2.1078,0
SIDM1,2.0,21240,9.981,2.1074,0
vSIDM,0.5,76357,9.951,2.1073,0
SIDM1,0.5,88839,10.052,2.1072,0
CDM,0.5,85663,9.856,2.1071,0
vSIDM,1.0,56482,9.927,2.1069,0
SIDM1,0.5,88006,9.962,2.1061,0
SIDM1,0.5,77115,10.225,2.1056,0
vSIDM,0.5,63661,10.685,2.1044,0
vSIDM,0.5,75887,10.130,2.1039,0
SIDM1,0.5,66310,10.720,2.1036,0
SIDM1,1.0,52650,10.501,2.1034,0
SIDM1,0.5,83903,9.744,2.1030,0
CDM,0.5,80578,10.108,2.1021,0
CDM,0.5,91494,9.817,2.1007,0
CDM,0.5,84789,9.727,2.1002,0
CDM,0.5,73746,10.246,2.1000,0
CDM,0.5,81269,10.221,2.0995,0
CDM,2.0,40445,10.001,2.0991,0
CDM,0.5,67274,10.717,2.0980,0
vSIDM,0.5,81414,9.810,2.0963,0
CDM,1.0,65092,10.011,2.0958,0
CDM,1.0,52442,10.666,2.0956,0
CDM,0.5,90739,9.856,2.0946,0
SIDM1,0.5,70943,10.620,2.0930,0
vSIDM,0.5,62742,10.539,2.0918,0
vSIDM,0.5,79751,10.039,2.0913,0
CDM,0.5,83760,10.090,2.0911,0
CDM,1.0,43810,10.668,2.0895,0
CDM,1.0,64285,9.773,2.0895,0
vSIDM,0.5,78103,10.110,2.0889,0
SIDM1,0.5,60128,10.929,2.0877,0
SIDM1,1.0,76363,9.798,2.0868,0
vSIDM,0.5,49384,10.949,2.0867,0
SIDM1,1.0,77809,9.749,2.0864,0
vSIDM,0.5,83984,9.941,2.0860,0
SIDM1,1.0,38159,10.831,2.0855,0
SIDM1,1.0,63388,10.220,2.0854,0
vSIDM,0.5,69793,10.130,2.0846,0
CDM,0.5,86075,10.136,2.0817,0
SIDM1,0.5,82104,10.154,2.0813,0
vSIDM,0.5,89493,9.733,2.0811,0
vSIDM,0.5,77520,10.184,2.0804,0
CDM,0.5,86655,10.284,2.0801,0
SIDM1,1.0,79421,9.715,2.0797,0
CDM,0.5,78194,10.125,2.0791,0
vSIDM,0.5,81117,9.986,2.0771,0
vSIDM,0.5,80409,9.756,2.0762,0
CDM,0.5,82487,10.353,2.0752,0
vSIDM,0.5,81648,9.950,2.0751,0
SIDM1,0.5,73324,10.397,2.0747,0
CDM,1.0,19111,11.383,2.0746,0
CDM,0.5,86536,10.199,2.0745,0
SIDM1,0.5,91390,9.745,2.0745,0
CDM,0.5,84569,9.779,2.0740,0
SIDM1,0.5,89086,9.889,2.0737,0
vSIDM,0.5,79379,10.237,2.0721,0
vSIDM,0.5,60191,10.064,2.0709,0
SIDM1,0.5,57461,10.878,2.0708,0
SIDM1,0.5,77922,9.875,2.0703,0
SIDM1,1.0,72512,9.911,2.0700,0
vSIDM,1.0,55124,10.336,2.0686,0
vSIDM,0.5,80329,9.789,2.0671,0
CDM,0.5,93223,9.881,2.0668,0
CDM,1.0,71210,10.020,2.0650,0
vSIDM,0.5,81681,9.883,2.0643,0
SIDM1,1.0,74622,9.891,2.0632,0
CDM,1.0,66652,9.925,2.0629,0
SIDM1,1.0,72825,9.961,2.0611,0
CDM,1.0,45317,10.836,2.0601,0
CDM,0.5,79712,10.166,2.0598,0
vSIDM,1.0,63917,9.749,2.0597,0
CDM,0.5,87728,9.986,2.0595,0
vSIDM,0.5,85740,9.852,2.0594,0
CDM,1.0,63776,10.101,2.0589,0
vSIDM,1.0,55367,9.970,2.0581,0
CDM,0.5,91637,9.732,2.0567,0
CDM,0.5,91908,10.036,2.0562,0
vSIDM,0.5,88819,9.788,2.0553,0
SIDM1,0.5,72775,10.295,2.0553,0
SIDM1,1.0,68490,9.756,2.0551,0
vSIDM,0.5,77754,9.815,2.0549,0
CDM,0.5,85074,9.888,2.0520,0
vSIDM,1.0,62075,9.970,2.0515,0
vSIDM,0.5,60821,10.340,2.0503,0
CDM,0.5,79209,10.151,2.0500,0
CDM,0.5,73269,10.432,2.0500,0
vSIDM,3.0,1176,11.316,2.0494,0
vSIDM,0.5,89263,9.725,2.0480,0
SIDM1,0.5,89409,9.729,2.0466,0
SIDM1,0.5,85146,10.030,2.0454,0
SIDM1,0.5,77542,9.948,2.0445,0
CDM,0.5,82089,9.972,2.0442,0
SIDM1,1.0,59996,10.305,2.0435,0
vSIDM,0.5,76265,9.792,2.0428,0
vSIDM,0.5,67076,9.937,2.0425,0
vSIDM,0.5,87657,9.757,2.0424,0
CDM,1.0,65963,10.005,2.0410,0
vSIDM,0.5,82875,9.737,2.0399,0
SIDM1,0.5,87402,9.761,2.0383,0
vSIDM,0.5,74652,10.197,2.0363,0
CDM,0.5,83733,10.196,2.0362,0
vSIDM,0.5,72605,10.257,2.0361,0
SIDM1,0.5,87251,10.006,2.0353,0
SIDM1,1.0,67918,9.879,2.0351,0
SIDM1,0.5,78582,10.073,2.0347,0
CDM,0.5,89922,9.796,2.0341,0
SIDM1,3.0,5857,10.822,2.0339,0
vSIDM,0.5,77424,9.829,2.0338,0
SIDM1,0.5,82478,10.283,2.0336,0
vSIDM,0.5,80192,10.199,2.0325,0
vSIDM,0.5,83162,10.006,2.0322,0
vSIDM,1.0,59120,10.261,2.0320,0
vSIDM,1.0,76994,9.756,2.0319,0
CDM,1.0,49018,10.649,2.0301,0
SIDM1,0.5,72618,10.355,2.0301,0
SIDM1,0.5,84093,10.057,2.0279,0
vSIDM,1.0,60813,9.850,2.0266,0
CDM,0.5,89404,9.939,2.0265,0
CDM,0.5,77765,10.443,2.0264,0
CDM,0.5,46402,10.933,2.0257,0
vSIDM,1.0,61636,10.005,2.0252,0
SIDM1,0.5,71776,10.307,2.0251,0
SIDM1,0.5,93753,9.850,2.0231,0
vSIDM,0.5,76972,10.129,2.0230,0
CDM,0.5,84313,9.788,2.0228,0
vSIDM,0.5,78468,9.872,2.0227,0
CDM,1.0,74948,9.957,2.0222,0
CDM,0.5,67504,10.242,2.0221,0
SIDM1,1.0,55814,10.486,2.0218,0
SIDM1,1.0,68890,9.901,2.0217,0
SIDM1,0.5,84420,9.891,2.0203,0
vSIDM,0.5,78596,9.776,2.0201,0
SIDM1,0.5,93975,9.717,2.0183,0
vSIDM,1.0,59790,10.079,2.0177,0
vSIDM,0.5,73666,10.277,2.0172,0
CDM,1.0,58101,10.152,2.0145,0
CDM,0.5,88044,9.939,2.0141,0
vSIDM,0.5,75199,10.035,2.0120,0
CDM,0.5,67018,10.835,2.0112,0
vSIDM,2.0,30425,10.210,2.0086,0
SIDM1,0.5,82948,9.756,2.0080,0
vSIDM,0.5,88825,9.783,2.0075,0
SIDM1,1.0,80315,9.754,2.0068,0
SIDM1,0.5,85653,9.778,2.0061,0
vSIDM,1.0,64837,9.917,2.0061,0
CDM,1.0,65122,10.042,2.0048,0
SIDM1,0.5,68686,10.642,2.0047,0
CDM,1.0,56290,10.317,2.0038,0
SIDM1,0.5,93043,9.743,2.0033,0
SIDM1,0.5,88496,9.955,2.0032,0
CDM,1.0,67282,9.754,2.0029,0
CDM,0.5,76427,10.047,2.0028,0
SIDM1,0.5,56193,10.830,2.0019,0
CDM,1.0,42092,10.449,2.0009,0
SIDM1,0.5,90043,9.748,2.0009,0
CDM,0.5,69969,10.597,2.0003,0
CDM,0.5,46927,11.189,1.9993,0
vSIDM,0.5,74724,10.421,1.9990,0
vSIDM,1.0,73091,9.855,1.9983,0
SIDM1,0.5,75282,10.203,1.9974,0
vSIDM,1.0,61452,9.808,1.9970,0
SIDM1,0.5,94914,9.764,1.9969,0
CDM,0.5,64671,10.775,1.9966,0
vSIDM,0.5,57104,10.846,1.9962,0
SIDM1,0.5,75052,10.425,1.9959,0
CDM,1.0,68092,10.266,1.9957,0
vSIDM,1.0,37199,10.782,1.9953,0
vSIDM,1.0,65668,9.732,1.9942,0
vSIDM,0.5,84722,10.100,1.9939,0
CDM,0.5,76089,10.067,1.9935,0
SIDM1,0.5,86200,10.024,1.9923,0
vSIDM,2.0,36055,9.880,1.9920,0
vSIDM,1.0,62531,10.073,1.9912,0
vSIDM,0.5,53923,10.853,1.9894,0
vSIDM,0.5,67970,10.496,1.9891,0
vSIDM,0.5,85784,9.782,1.9877,0
SIDM1,1.0,75030,9.779,1.9856,0
CDM,0.5,80299,10.197,1.9852,0
CDM,1.0,46138,10.857,1.9851,0
CDM,1.0,58289,10.364,1.9837,0
vSIDM,0.5,69726,10.275,1.9833,0
CDM,1.0,43158,10.859,1.9832,0
vSIDM,0.5,64201,10.655,1.9823,0
vSIDM,0.5,83544,9.923,1.9822,0
CDM,0.5,81230,10.087,1.9806,0
vSIDM,1.0,60500,9.879,1.9801,0
SIDM1,0.5,88049,9.760,1.9793,0
SIDM1,0.5,60947,9.974,1.9790,0
SIDM1,1.0,79354,9.746,1.9783,0
vSIDM,1.0,67133,9.906,1.9782,0
CDM,1.0,21353,11.579,1.9780,0
SIDM1,0.5,83420,10.210,1.9779,0
vSIDM,0.5,74590,9.798,1.9776,0
vSIDM,0.5,83403,9.853,1.9764,0
vSIDM,0.5,78217,10.085,1.9763,0
vSIDM,0.5,58689,10.269,1.9758,0
SIDM1,2.0,40370,9.943,1.9740,0
SIDM1,0.5,65085,10.276,1.9738,0
SIDM1,0.5,62691,10.958,1.9736,0
vSIDM,1.0,68934,10.079,1.9732,0
vSIDM,0.5,77328,10.133,1.9730,0
CDM,0.5,63249,10.930,1.9727,0
CDM,0.5,80141,9.887,1.9720,0
vSIDM,0.5,80739,9.805,1.9715,0
SIDM1,0.5,68478,10.457,1.9712,0
SIDM1,0.5,51700,10.667,1.9711,0
vSIDM,0.5,77904,10.043,1.9702,0
CDM,0.5,93157,9.730,1.9699,0
vSIDM,1.0,59994,10.152,1.9692,0
SIDM1,1.0,76026,9.761,1.9687,0
CDM,0.5,83815,10.014,1.9681,0
SIDM1,1.0,64291,10.145,1.9676,0
vSIDM,1.0,59535,9.961,1.9657,0
vSIDM,0.5,83722,9.885,1.9654,0
vSIDM,0.5,86237,9.834,1.9653,0
SIDM1,0.5,81861,9.752,1.9647,0
SIDM1,1.0,48106,10.485,1.9645,0
CDM,1.0,64891,10.223,1.9640,0
CDM,0.5,88935,9.751,1.9640,0
CDM,0.5,88305,9.917,1.9637,0
vSIDM,1.0,51728,9.969,1.9633,0
SIDM1,0.5,52908,10.528,1.9624,0
CDM,0.5,81594,9.974,1.9624,0
CDM,2.0,34659,10.218,1.9603,0
vSIDM,0.5,77707,9.999,1.9599,0
vSIDM,0.5,83495,9.841,1.9595,0
vSIDM,0.5,72152,10.391,1.9580,0
CDM,0.5,66465,10.815,1.9577,0
vSIDM,1.0,57747,10.387,1.9564,0
SIDM1,0.5,85186,9.737,1.9545,0
vSIDM,0.5,87103,9.837,1.9538,0
vSIDM,1.0,71831,9.768,1.9536,0
vSIDM,1.0,67549,9.798,1.9531,0
SIDM1,1.0,74536,10.058,1.9529,0
vSIDM,0.5,74538,10.098,1.9520,0
CDM,0.5,82603,9.895,1.9507,0
vSIDM,0.5,78040,9.824,1.9501,0
CDM,0.5,87066,9.825,1.9501,0
SIDM1,0.5,53693,10.806,1.9490,0
SIDM1,0.5,73152,10.199,1.9480,0
vSIDM,0.5,88154,9.768,1.9459,0
vSIDM,0.5,55998,10.554,1.9458,0
SIDM1,0.5,89322,9.812,1.9450,0
SIDM1,1.0,38910,10.798,1.9439,0
SIDM1,0.5,91075,9.790,1.9435,0
SIDM1,0.5,54096,10.746,1.9430,0
vSIDM,1.0,50086,10.617,1.9428,0
SIDM1,1.0,67876,9.989,1.9402,0
vSIDM,1.0,35989,10.783,1.9358,0
SIDM1,0.5,89278,9.911,1.9333,0
CDM,0.5,86030,9.826,1.9327,0
CDM,1.0,70323,9.914,1.9325,0
SIDM1,0.5,79034,10.093,1.9322,0
SIDM1,0.5,91241,9.837,1.9319,0
SIDM1,0.5,78935,9.944,1.9312,0
SIDM1,0.5,60535,10.914,1.9310,0
SIDM1,1.0,57710,10.367,1.9304,0
SIDM1,1.0,69358,9.889,1.9303,0
SIDM1,0.5,83778,9.947,1.9298,0
vSIDM,0.5,76117,10.052,1.9295,0
CDM,0.5,84830,10.031,1.9260,0
vSIDM,0.5,75352,10.042,1.9242,0
SIDM1,1.0,78453,9.738,1.9230,0
SIDM1,1.0,72026,9.983,1.9223,0
vSIDM,1.0,61615,10.253,1.9190,0
CDM,0.5,78833,9.870,1.9188,0
CDM,0.5,84533,9.811,1.9185,0
CDM,0.5,55545,11.004,1.9178,0
CDM,1.0,68015,10.065,1.9173,0
SIDM1,0.5,88142,10.120,1.9172,0
vSIDM,0.5,85140,9.868,1.9146,0
vSIDM,0.5,69281,10.465,1.9145,0
vSIDM,2.0,36418,10.276,1.9145,0
CDM,0.5,72754,10.537,1.9127,0
CDM,0.5,72414,10.566,1.9105,0
vSIDM,0.5,70250,10.456,1.9099,0
vSIDM,1.0,54087,10.155,1.9093,0
SIDM1,1.0,71871,9.909,1.9084,0
SIDM1,0.5,75664,10.453,1.9076,0
CDM,0.5,81706,10.096,1.9049,0
vSIDM,0.5,84162,10.112,1.9041,0
SIDM1,3.0,1263,11.271,1.9033,0
SIDM1,0.5,79918,10.219,1.9033,0
CDM,1.0,51104,10.144,1.9029,0
vSIDM,1.0,62596,10.115,1.9023,0
SIDM1,1.0,69474,9.802,1.9018,0
CDM,0.5,73212,10.585,1.9008,0
SIDM1,0.5,54942,10.954,1.8994,0
SIDM1,0.5,66549,10.767,1.8977,0
CDM,0.5,92332,9.768,1.8973,0
CDM,0.5,76931,10.496,1.8967,0
SIDM1,1.0,65390,10.130,1.8961,0
CDM,0.5,22708,11.400,1.8961,0
vSIDM,0.5,66727,10.410,1.8956,0
SIDM1,1.0,25493,10.995,1.8956,0
CDM,0.5,62428,10.935,1.8953,0
SIDM1,0.5,78084,10.343,1.8949,0
vSIDM,0.5,67567,9.824,1.8942,0
SIDM1,1.0,63477,9.923,1.8941,0
CDM,0.5,81075,10.157,1.8938,0
CDM,0.5,86895,9.952,1.8903,0
CDM,0.5,85758,9.941,1.8898,0
vSIDM,1.0,66401,10.000,1.8897,0
CDM,0.5,74846,10.437,1.8892,0
SIDM1,0.5,75809,10.469,1.8883,0
CDM,0.5,63485,10.742,1.8871,0
CDM,0.5,85498,10.174,1.8839,0
SIDM1,0.5,85492,9.934,1.8820,0
SIDM1,1.0,23769,11.079,1.8820,0
SIDM1,1.0,53599,10.358,1.8813,0
SIDM1,0.5,82909,9.914,1.8797,0
SIDM1,0.5,57851,10.699,1.8785,0
SIDM1,0.5,93028,9.780,1.8780,0
SIDM1,1.0,77654,9.932,1.8777,0
SIDM1,1.0,69787,9.872,1.8775,0
vSIDM,0.5,52275,10.706,1.8768,0
vSIDM,0.5,82587,9.852,1.8758,0
vSIDM,1.0,68210,9.966,1.8757,0
SIDM1,0.5,58415,10.871,1.8737,0
CDM,0.5,93664,9.823,1.8728,0
CDM,0.5,87403,10.025,1.8722,0
SIDM1,0.5,76490,10.354,1.8718,0
CDM,1.0,52846,10.256,1.8717,0
SIDM1,0.5,77828,10.295,1.8711,0
vSIDM,0.5,82059,9.823,1.8707,0
vSIDM,1.0,50316,10.589,1.8703,0
CDM,0.5,88136,10.020,1.8689,0
CDM,0.5,76733,10.504,1.8687,0
vSIDM,1.0,53403,10.221,1.8686,0
CDM,0.5,83369,10.174,1.8663,0
SIDM1,0.5,67804,10.626,1.8659,0
SIDM1,0.5,40847,11.012,1.8627,0
CDM,0.5,78239,10.337,1.8625,0
CDM,0.5,86672,9.987,1.8616,0
CDM,0.5,78097,10.250,1.8607,0
SIDM1,1.0,76384,9.870,1.8607,0
SIDM1,0.5,77879,10.373,1.8603,0
SIDM1,0.5,90591,9.814,1.8598,0
vSIDM,0.5,71699,10.021,1.8593,0
CDM,0.5,72555,10.169,1.8587,0
SIDM1,0.5,80096,10.158,1.8583,0
CDM,1.0,73390,9.777,1.8582,0
CDM,1.0,59469,10.463,1.8576,0
vSIDM,1.0,53470,10.469,1.8574,0
SIDM1,1.0,69840,9.948,1.8557,0
CDM,1.0,73120,9.817,1.8555,0
CDM,1.0,63845,10.094,1.8548,0
vSIDM,0.5,86425,9.748,1.8538,0
CDM,1.0,57821,10.142,1.8526,0
SIDM1,0.5,24433,11.347,1.8522,0
vSIDM,0.5,73902,10.523,1.8509,0
SIDM1,0.5,86756,9.998,1.8503,0
SIDM1,0.5,86416,10.159,1.8495,0
SIDM1,0.5,80451,10.351,1.8493,0
vSIDM,1.0,48473,10.649,1.8490,0
CDM,0.5,89227,10.183,1.8476,0
vSIDM,1.0,68977,9.889,1.8464,0
CDM,0.5,88029,10.177,1.8460,0
SIDM1,2.0,38277,9.737,1.8459,0
CDM,0.5,80862,10.392,1.8447,0
CDM,0.5,43846,11.175,1.8436,0
CDM,0.5,81932,10.084,1.8421,0
SIDM1,1.0,35916,10.953,1.8420,0
CDM,0.5,78564,10.116,1.8416,0
vSIDM,0.5,84147,9.899,1.8394,0
SIDM1,0.5,79870,9.992,1.8390,0
vSIDM,0.5,86313,9.773,1.8372,0
SIDM1,0.5,86436,9.822,1.8362,0
CDM,1.0,66816,9.855,1.8350,0
CDM,0.5,82804,10.149,1.8350,0
CDM,0.5,56613,10.855,1.8350,0
SIDM1,0.5,93008,9.865,1.8347,0
vSIDM,1.0,70830,9.843,1.8336,0
CDM,0.5,75169,10.377,1.8333,0
SIDM1,1.0,81164,9.795,1.8332,0
SIDM1,2.0,46977,9.916,1.8330,0
SIDM1,0.5,91145,10.014,1.8329,0
vSIDM,1.0,51641,10.012,1.8328,0
vSIDM,0.5,77156,10.145,1.8307,0
SIDM1,1.0,38733,10.754,1.8303,0
vSIDM,0.5,75150,10.163,1.8294,0
SIDM1,0.5,89911,9.861,1.8289,0
vSIDM,0.5,54062,10.854,1.8289,0
CDM,0.5,86867,9.867,1.8286,0
SIDM1,0.5,66385,10.733,1.8279,0
CDM,1.0,73208,9.953,1.8275,0
SIDM1,1.0,74991,10.018,1.8271,0
SIDM1,0.5,78300,10.334,1.8250,0
CDM,1.0,70982,9.973,1.8235,0
CDM,0.5,81373,10.163,1.8233,0
vSIDM,0.5,78430,10.250,1.8219,0
CDM,1.0,64928,10.033,1.8216,0
CDM,0.5,73917,10.195,1.8216,0
vSIDM,0.5,68866,10.543,1.8209,0
vSIDM,1.0,71096,9.963,1.8208,0
SIDM1,0.5,92958,9.860,1.8203,0
vSIDM,0.5,61904,10.074,1.8201,0
vSIDM,0.5,69600,10.657,1.8199,0
SIDM1,0.5,88257,9.738,1.8192,0
vSIDM,1.0,67863,9.781,1.8187,0
SIDM1,1.0,69680,10.016,1.8181,0
SIDM1,0.5,64165,10.567,1.8148,0
SIDM1,0.5,89549,9.822,1.8139,0
SIDM1,0.5,97625,10.067,1.8139,0
SIDM1,0.5,89435,9.880,1.8137,0
vSIDM,0.5,72715,10.089,1.8135,0
SIDM1,0.5,75904,10.567,1.8128,0
SIDM1,0.5,61278,10.671,1.8119,0
CDM,0.5,88643,10.021,1.8118,0
CDM,0.5,66204,10.772,1.8102,0
CDM,1.0,67652,9.756,1.8088,0
SIDM1,0.5,81167,10.249,1.8086,0
SIDM1,0.5,79289,10.163,1.8077,0
SIDM1,0.5,45484,11.216,1.8067,0
CDM,0.5,80625,10.080,1.8057,0
SIDM1,1.0,72884,9.828,1.8055,0
vSIDM,0.5,78925,9.722,1.8055,0
CDM,0.5,81560,10.250,1.8015,0
CDM,0.5,55372,11.012,1.8011,0
CDM,0.5,90095,9.877,1.8002,0
SIDM1,0.5,92925,10.018,1.7995,0
SIDM1,0.5,86554,9.941,1.7970,0
CDM,0.5,72906,10.232,1.7961,0
vSIDM,0.5,81581,9.851,1.7960,0
SIDM1,1.0,68624,9.752,1.7947,0
SIDM1,0.5,84751,10.052,1.7942,0
vSIDM,0.5,89109,9.823,1.7939,0
SIDM1,1.0,40438,10.896,1.7930,0
vSIDM,1.0,68814,9.919,1.7919,0
SIDM1,0.5,77265,10.065,1.7918,0
vSIDM,0.5,74894,10.013,1.7910,0
vSIDM,0.5,75719,10.214,1.7906,0
vSIDM,0.5,74362,10.028,1.7904,0
CDM,0.5,94189,9.746,1.7897,0
CDM,1.0,69251,9.755,1.7888,0
vSIDM,1.0,63848,10.275,1.7885,0
SIDM1,0.5,56613,10.696,1.7877,0
CDM,0.5,83443,9.813,1.7873,0
SIDM1,0.5,81205,10.240,1.7866,0
SIDM1,0.5,80418,10.249,1.7864,0
vSIDM,1.0,75294,9.769,1.7863,0
SIDM1,0.5,87873,9.957,1.7832,0
CDM,1.0,73090,9.876,1.7828,0
vSIDM,0.5,85759,9.732,1.7825,0
vSIDM,0.5,82792,9.890,1.7820,0
SIDM1,0.5,91674,9.798,1.7818,0
vSIDM,1.0,77517,9.789,1.7811,0
CDM,0.5,80403,9.993,1.7805,0
SIDM1,0.5,95662,9.754,1.7799,0
vSIDM,0.5,79994,10.244,1.7792,0
vSIDM,1.0,57910,10.131,1.7779,0
SIDM1,0.5,85578,9.947,1.7767,0
SIDM1,3.0,4156,10.971,1.7761,0
CDM,0.5,65351,10.494,1.7746,0
SIDM1,0.5,80026,10.246,1.7722,0
SIDM1,0.5,63187,10.362,1.7711,0
vSIDM,1.0,68027,9.941,1.7705,0
SIDM1,0.5,86532,10.137,1.7702,0
vSIDM,0.5,80771,9.800,1.7696,0
SIDM1,0.5,67985,10.631,1.7695,0
SIDM1,1.0,70709,10.053,1.7693,0
vSIDM,0.5,73944,10.415,1.7689,0
CDM,0.5,85564,9.994,1.7628,0
CDM,0.5,78273,10.168,1.7606,0
vSIDM,0.5,71397,10.043,1.7599,0
vSIDM,1.0,45324,10.838,1.7587,0
vSIDM,0.5,88629,9.807,1.7575,0
CDM,0.5,86179,9.922,1.7574,0
SIDM1,1.0,54265,10.270,1.7568,0
vSIDM,1.0,80727,9.833,1.7566,0
SIDM1,0.5,80925,9.924,1.7550,0
vSIDM,0.5,76020,10.170,1.7549,0
CDM,0.5,66043,10.339,1.7540,0
SIDM1,0.5,79086,10.175,1.7531,0
vSIDM,0.5,79065,9.834,1.7516,0
SIDM1,0.5,86880,10.003,1.7516,0
vSIDM,0.5,53210,10.922,1.7504,0
SIDM1,0.5,93578,9.786,1.7500,0
vSIDM,0.5,83368,9.805,1.7490,0
SIDM1,0.5,79357,9.725,1.7462,0
vSIDM,0.5,69870,10.236,1.7451,0
SIDM1,1.0,56107,10.471,1.7447,0
vSIDM,0.5,78577,10.246,1.7441,0
CDM,1.0,73470,9.764,1.7435,0
vSIDM,0.5,76163,10.123,1.7434,0
vSIDM,0.5,76639,9.964,1.7431,0
SIDM1,0.5,80583,10.256,1.7429,0
SIDM1,1.0,39648,10.985,1.7417,0
SIDM1,0.5,79629,10.234,1.7412,0
SIDM1,1.0,57921,10.390,1.7402,0
CDM,0.5,74494,10.199,1.7397,0
CDM,0.5,92419,9.810,1.7350,0
CDM,0.5,87638,9.828,1.7338,0
SIDM1,0.5,89060,9.945,1.7333,0
SIDM1,1.0,76856,9.790,1.7326,0
CDM,0.5,89614,9.885,1.7324,0
CDM,0.5,86813,10.049,1.7316,0
SIDM1,0.5,86083,10.126,1.7298,0
CDM,0.5,61656,10.973,1.7240,0
SIDM1,0.5,91910,9.738,1.7240,0
vSIDM,1.0,73851,9.738,1.7232,0
CDM,1.0,72893,9.741,1.7223,0
vSIDM,0.5,72929,10.471,1.7223,0
CDM,0.5,65953,10.722,1.7206,0
vSIDM,0.5,81171,9.960,1.7206,0
vSIDM,0.5,74968,9.962,1.7185,0
SIDM1,0.5,98532,9.848,1.7183,0
SIDM1,0.5,72558,10.489,1.7180,0
SIDM1,0.5,84264,9.874,1.7180,0
CDM,0.5,83245,10.006,1.7172,0
vSIDM,0.5,39659,11.231,1.7156,0
vSIDM,0.5,76087,10.353,1.7144,0
SIDM1,0.5,53377,10.769,1.7137,0
vSIDM,0.5,88761,9.809,1.7132,0
SIDM1,1.0,73345,9.890,1.7127,0
CDM,0.5,84082,9.745,1.7121,0
SIDM1,0.5,86620,9.889,1.7111,0
CDM,0.5,69737,10.463,1.7109,0
CDM,0.5,79900,10.267,1.7105,0
SIDM1,1.0,76718,9.755,1.7104,0
SIDM1,1.0,76434,9.816,1.7084,0
CDM,0.5,71943,10.572,1.7084,0
SIDM1,0.5,94987,9.734,1.7071,0
CDM,0.5,78049,10.294,1.7070,0
SIDM1,1.0,61614,9.758,1.7022,0
SIDM1,0.5,60835,10.768,1.7021,0
vSIDM,0.5,64647,10.246,1.7019,0
CDM,0.5,74135,10.321,1.7009,0
CDM,0.5,85417,9.966,1.7003,0
vSIDM,0.5,81287,9.965,1.6980,0
vSIDM,0.5,81149,9.988,1.6963,0
CDM,1.0,52699,10.643,1.6959,0
SIDM1,1.0,75056,9.913,1.6952,0
SIDM1,1.0,42765,10.940,1.6950,0
CDM,0.5,98089,9.825,1.6949,0
vSIDM,0.5,89850,9.803,1.6941,0
SIDM1,1.0,69703,9.831,1.6940,0
CDM,0.5,82642,9.767,1.6937,0
SIDM1,0.5,41824,11.407,1.6915,0
CDM,0.5,79023,10.070,1.6910,0
SIDM1,0.5,66637,10.795,1.6887,0
vSIDM,1.0,67012,9.883,1.6873,0
SIDM1,0.5,85001,10.057,1.6833,0
SIDM1,1.0,44087,10.664,1.6823,0
SIDM1,0.5,92847,9.907,1.6820,0
vSIDM,1.0,65328,10.172,1.6809,0
vSIDM,0.5,56492,10.954,1.6807,0
CDM,0.5,78353,10.403,1.6786,0
SIDM1,0.5,75620,10.487,1.6778,0
SIDM1,1.0,18791,11.334,1.6752,0
SIDM1,0.5,79834,10.096,1.6752,0
vSIDM,0.5,77359,10.158,1.6742,0
SIDM1,0.5,69475,9.934,1.6734,0
vSIDM,0.5,66872,10.674,1.6723,0
CDM,1.0,37053,10.942,1.6719,0
vSIDM,1.0,53000,10.564,1.6704,0
vSIDM,0.5,62261,10.224,1.6698,0
SIDM1,0.5,90473,9.894,1.6693,0
SIDM1,1.0,37480,10.823,1.6687,0
vSIDM,0.5,76940,10.045,1.6678,0
SIDM1,1.0,72013,10.212,1.6649,0
vSIDM,0.5,61756,10.772,1.6641,0
vSIDM,0.5,74219,10.304,1.6639,0
SIDM1,0.5,84816,9.921,1.6620,0
SIDM1,0.5,83146,10.071,1.6617,0
CDM,0.5,79481,10.115,1.6615,0
CDM,0.5,85954,9.720,1.6609,0
SIDM1,1.0,85387,9.804,1.6608,0
SIDM1,1.0,58412,10.388,1.6605,0
vSIDM,1.0,64015,9.892,1.6597,0
SIDM1,1.0,30698,11.101,1.6594,0
SIDM1,0.5,89663,9.949,1.6586,0
SIDM1,0.5,73387,10.502,1.6565,0
SIDM1,0.5,51932,10.645,1.6546,0
CDM,0.5,86917,9.911,1.6541,0
vSIDM,0.5,85372,10.035,1.6534,0
SIDM1,1.0,69619,9.855,1.6521,0
SIDM1,1.0,79113,9.753,1.6498,0
SIDM1,0.5,82261,10.217,1.6480,0
SIDM1,1.0,59773,10.409,1.6468,0
CDM,0.5,87749,9.906,1.6461,0
vSIDM,0.5,49795,10.638,1.6427,0
CDM,1.0,55283,10.585,1.6381,0
CDM,0.5,74202,10.674,1.6377,0
SIDM1,1.0,65754,10.139,1.6365,0
vSIDM,0.5,84640,9.779,1.6353,0
SIDM1,0.5,74518,10.048,1.6311,0
SIDM1,0.5,78354,9.794,1.6284,0
CDM,1.0,72996,10.072,1.6236,0
CDM,0.5,52313,10.666,1.6200,0
CDM,0.5,85825,10.269,1.6137,0
SIDM1,0.5,80839,10.245,1.6136,0
vSIDM,0.5,74314,10.152,1.6123,0
CDM,0.5,85792,10.028,1.6118,0
SIDM1,0.5,80969,10.069,1.6116,0
vSIDM,1.0,36796,10.446,1.6112,0
vSIDM,0.5,67014,10.403,1.6077,0
vSIDM,0.5,63803,10.684,1.6058,0
vSIDM,0.5,83604,10.178,1.6043,0
SIDM1,0.5,95204,9.777,1.6032,0
vSIDM,1.0,25729,11.137,1.6030,0
vSIDM,0.5,76321,10.261,1.6008,0
CDM,0.5,29145,11.603,1.5985,0
vSIDM,0.5,81509,9.832,1.5982,0
CDM,0.5,35604,11.591,1.5974,0
CDM,0.5,77142,10.487,1.5965,0
vSIDM,0.5,76805,10.094,1.5944,0
vSIDM,0.5,96640,9.705,1.5943,0
CDM,0.5,58215,11.124,1.5940,0
CDM,1.0,37277,10.531,1.5935,0
vSIDM,0.5,52814,10.967,1.5928,0
SIDM1,1.0,71223,9.849,1.5926,0
CDM,0.5,84109,10.019,1.5925,0
vSIDM,0.5,44705,11.180,1.5879,0
CDM,0.5,66912,10.600,1.5877,0
SIDM1,0.5,82288,9.868,1.5873,0
CDM,1.0,72056,9.846,1.5859,0
vSIDM,0.5,79783,9.840,1.5836,0
CDM,0.5,85236,10.079,1.5822,0
CDM,0.5,67095,10.644,1.5812,0
vSIDM,0.5,56142,10.693,1.5808,0
vSIDM,0.5,80894,10.074,1.5796,0
vSIDM,2.0,15019,10.751,1.5776,0
CDM,1.0,56088,10.443,1.5762,0
SIDM1,0.5,93896,9.742,1.5759,0
vSIDM,0.5,72436,10.347,1.5757,0
vSIDM,1.0,57157,10.137,1.5724,0
SIDM1,0.5,91287,9.968,1.5680,0
CDM,1.0,23494,11.094,1.5632,0
vSIDM,0.5,71534,10.557,1.5629,0
vSIDM,0.5,84125,9.933,1.5553,0
SIDM1,0.5,65281,10.565,1.5535,0
CDM,1.0,69544,9.906,1.5535,0
vSIDM,0.5,83183,9.875,1.5527,0
SIDM1,0.5,93832,9.744,1.5517,0
vSIDM,0.5,75251,10.054,1.5514,0
vSIDM,1.0,61934,10.001,1.5506,0
vSIDM,0.5,66373,10.578,1.5502,0
CDM,0.5,56755,10.837,1.5455,0
vSIDM,0.5,72563,10.379,1.5438,0
CDM,0.5,89063,9.852,1.5415,0
CDM,0.5,58512,11.014,1.5390,0
SIDM1,1.0,19573,11.546,1.5371,0
vSIDM,0.5,50729,10.520,1.5360,0
SIDM1,0.5,91149,9.754,1.5337,0
vSIDM,1.0,43684,10.681,1.5309,0
SIDM1,2.0,11890,10.826,1.5268,0
CDM,1.0,36114,10.747,1.5250,0
SIDM1,0.5,87960,9.999,1.5241,0
CDM,0.5,24154,10.997,1.5238,0
vSIDM,1.0,47125,10.337,1.5232,0
CDM,2.0,15182,10.818,1.5213,0
CDM,0.5,89472,9.855,1.5198,0
SIDM1,0.5,80817,10.257,1.5167,0
CDM,0.5,41397,11.226,1.5087,0
CDM,0.5,87321,9.777,1.5084,0
vSIDM,0.5,82549,9.891,1.5018,0
vSIDM,0.5,82458,10.063,1.5000,0
SIDM1,0.5,90450,9.978,1.4996,0
vSIDM,0.5,86186,9.716,1.4954,0
vSIDM,0.5,64760,10.765,1.4915,0
CDM,1.0,49427,10.723,1.4901,0
SIDM1,0.5,84130,9.845,1.4873,0
vSIDM,0.5,65559,10.549,1.4858,0
CDM,0.5,90502,9.787,1.4819,0
CDM,0.5,74440,10.587,1.4807,0
CDM,0.5,79437,10.080,1.4785,0
vSIDM,0.5,85405,9.865,1.4774,0
SIDM1,1.0,76191,9.790,1.4769,0
vSIDM,1.0,42401,10.885,1.4763,0
CDM,0.5,88589,10.029,1.4740,0
SIDM1,0.5,82544,9.832,1.4723,0
SIDM1,0.5,89822,9.774,1.4708,0
SIDM1,0.5,80192,10.167,1.4685,0
SIDM1,0.5,99355,9.704,1.4671,0
vSIDM,0.5,77615,10.059,1.4633,0
CDM,0.5,75324,10.416,1.4628,0
SIDM1,0.5,88666,9.883,1.4620,0
vSIDM,0.5,68752,10.551,1.4595,0
CDM,1.0,47983,10.504,1.4543,0
vSIDM,0.5,80009,10.130,1.4537,0
vSIDM,0.5,61558,10.906,1.4519,0
vSIDM,1.0,29358,10.983,1.4502,0
vSIDM,0.5,47598,11.196,1.4500,0
CDM,0.5,88876,9.795,1.4494,0
SIDM1,0.5,85818,10.158,1.4493,0
CDM,0.5,40884,11.161,1.4468,0
vSIDM,0.5,79822,9.866,1.4451,0
vSIDM,0.5,79950,10.010,1.4443,0
vSIDM,1.0,69221,9.814,1.4413,0
CDM,0.5,61515,10.906,1.4382,0
vSIDM,0.5,63915,10.792,1.4343,0
SIDM1,0.5,39788,11.263,1.4325,0
SIDM1,0.5,84083,10.390,1.4303,0
vSIDM,0.5,75697,10.293,1.4271,0
SIDM1,0.5,84238,9.868,1.4270,0
SIDM1,0.5,65410,10.375,1.4253,0
SIDM1,0.5,56060,11.092,1.4245,0
SIDM1,0.5,78672,10.254,1.4226,0
vSIDM,0.5,75753,10.200,1.4224,0
SIDM1,0.5,92322,9.850,1.4216,0
vSIDM,1.0,26470,11.095,1.4196,0
vSIDM,0.5,80641,9.727,1.4160,0
SIDM1,0.5,68548,10.543,1.4155,0
CDM,0.5,77391,10.235,1.4107,0
SIDM1,0.5,86322,10.037,1.4105,0
SIDM1,0.5,72176,10.241,1.4081,0
vSIDM,0.5,58839,10.925,1.4069,0
vSIDM,0.5,44267,11.211,1.3929,0
CDM,0.5,81652,10.319,1.3870,0
CDM,1.0,54599,10.018,1.3810,0
vSIDM,0.5,85478,9.867,1.3800,0
SIDM1,0.5,93171,9.772,1.3787,0
SIDM1,0.5,79955,10.304,1.3773,0
vSIDM,1.0,73897,9.868,1.3768,0
SIDM1,0.5,75091,10.540,1.3759,0
vSIDM,0.5,82289,10.011,1.3670,0
vSIDM,0.5,78083,10.296,1.3669,0
SIDM1,0.5,45308,11.331,1.3664,0
vSIDM,0.5,82983,9.734,1.3647,0
SIDM1,0.5,81494,10.045,1.3587,0
CDM,0.5,55114,10.853,1.3579,0
CDM,0.5,85326,9.895,1.3547,0
CDM,0.5,85182,9.839,1.3473,0
vSIDM,1.0,74247,9.723,1.3472,0
vSIDM,0.5,72070,10.156,1.3440,0
SIDM1,0.5,54545,10.969,1.3379,0
SIDM1,0.5,83686,10.114,1.3363,0
SIDM1,1.0,57891,10.634,1.3361,0
SIDM1,2.0,16063,10.732,1.3294,0
SIDM1,0.5,33864,11.569,1.3226,0
CDM,0.5,64893,10.943,1.3167,0
CDM,1.0,28946,11.038,1.3127,0
vSIDM,0.5,52584,10.792,1.3102,0
vSIDM,0.5,58318,10.944,1.3095,0
vSIDM,0.5,84736,9.819,1.3089,0
vSIDM,0.5,77548,10.336,1.3018,0
SIDM1,0.5,83482,9.770,1.3002,0
SIDM1,1.0,52434,10.684,1.2830,0
CDM,1.0,36585,10.989,1.2823,0
vSIDM,0.5,78695,10.184,1.2811,0
SIDM1,1.0,47667,10.814,1.2808,0
CDM,0.5,65474,10.789,1.2745,0
SIDM1,1.0,52147,10.528,1.2717,0
SIDM1,0.5,38057,11.214,1.2641,0
CDM,0.5,70915,10.653,1.2609,0
SIDM1,1.0,47527,10.754,1.2514,0
SIDM1,0.5,59668,10.818,1.2294,0
SIDM1,0.5,59425,10.808,1.2176,0
vSIDM,0.5,95560,9.757,1.2072,0
SIDM1,0.5,62104,10.856,1.1800,0
SIDM1,0.5,88288,9.963,1.1616,0
CDM,0.5,56226,11.026,1.1602,0
SIDM1,0.5,58946,11.028,1.1572,0
SIDM1,0.5,42856,11.124,1.1566,0
CDM,0.5,83859,9.819,1.1449,0
vSIDM,0.5,59076,10.915,1.1442,0
SIDM1,0.5,60449,10.933,1.1411,0
vSIDM,0.5,85621,9.803,1.1398,0
SIDM1,0.5,51070,10.990,1.1375,0
SIDM1,0.5,47483,11.012,1.1374,0
vSIDM,0.5,64302,10.661,1.1274,0
SIDM1,1.0,29326,10.990,1.1238,0
SIDM1,0.5,38640,11.098,1.1214,0
vSIDM,1.0,34581,10.950,1.1152,0
SIDM1,1.0,45524,10.911,1.1011,0
vSIDM,0.5,48671,10.853,1.0985,0
SIDM1,0.5,61918,10.861,1.0911,0
SIDM1,1.0,48220,10.915,1.0789,0
SIDM1,0.5,64623,10.750,1.0686,0
SIDM1,0.5,63053,10.739,1.0408,0
CDM,1.0,25209,11.412,1.0286,0
CDM,1.0,27673,11.132,1.0160,0
